,State,District,Market,Commodity,Variety,Arrival_Date,Min,Max
502,Andhra_Pradesh,Kurnool,Alur,Onion,Beelary-Red,2016-01-01,1800,2200
834,Andhra_Pradesh,Kurnool,Kurnool,Onion,Local,2016-01-01,810,1720
1175,Andhra_Pradesh,Kurnool,Pattikonda,Onion,Local,2016-01-01,2500,2500
533,Andhra_Pradesh,Kurnool,Alur,Onion,Beelary-Red,2016-01-02,2000,2400
863,Andhra_Pradesh,Kurnool,Kurnool,Onion,Local,2016-01-02,500,890
562,Andhra_Pradesh,Kurnool,Alur,Onion,Beelary-Red,2016-01-03,600,1000
1215,Andhra_Pradesh,Kurnool,Pattikonda,Onion,Local,2016-01-03,1400,1500
892,Andhra_Pradesh,Kurnool,Kurnool,Onion,Local,2016-01-03,420,770
921,Andhra_Pradesh,Kurnool,Kurnool,Onion,Local,2016-01-04,400,700
593,Andhra_Pradesh,Kurnool,Alur,Onion,Beelary-Red,2016-01-04,600,1200
1241,Andhra_Pradesh,Kurnool,Pattikonda,Onion,Local,2016-01-04,800,900
1259,Andhra_Pradesh,Kurnool,Pattikonda,Onion,Local,2016-01-05,1700,1800
612,Andhra_Pradesh,Kurnool,Alur,Onion,Beelary-Red,2016-01-05,800,1600
950,Andhra_Pradesh,Kurnool,Kurnool,Onion,Local,2016-01-05,310,870
642,Andhra_Pradesh,Kurnool,Alur,Onion,Beelary-Red,2016-01-06,800,1600
980,Andhra_Pradesh,Kurnool,Kurnool,Onion,Local,2016-01-06,290,650
1280,Andhra_Pradesh,Kurnool,Pattikonda,Onion,Local,2016-01-06,2000,2000
1009,Andhra_Pradesh,Kurnool,Kurnool,Onion,Local,2016-01-07,330,1060
666,Andhra_Pradesh,Kurnool,Alur,Onion,Beelary-Red,2016-01-07,500,1100
1333,Andhra_Pradesh,Kurnool,Pattikonda,Onion,Local,2016-01-08,1700,2000
1039,Andhra_Pradesh,Kurnool,Kurnool,Onion,Local,2016-01-08,440,860
1359,Andhra_Pradesh,Kurnool,Pattikonda,Onion,Local,2016-01-09,800,1000
714,Andhra_Pradesh,Kurnool,Alur,Onion,Beelary-Red,2016-01-09,800,1000
1060,Andhra_Pradesh,Kurnool,Kurnool,Onion,Local,2016-01-09,320,820
744,Andhra_Pradesh,Kurnool,Alur,Onion,Beelary-Red,2016-01-10,400,600
1089,Andhra_Pradesh,Kurnool,Kurnool,Onion,Local,2016-01-10,300,760
775,Andhra_Pradesh,Kurnool,Alur,Onion,Beelary-Red,2016-01-11,400,600
1405,Andhra_Pradesh,Kurnool,Pattikonda,Onion,Local,2016-01-11,600,800
1115,Andhra_Pradesh,Kurnool,Kurnool,Onion,Local,2016-01-11,50,600
1432,Andhra_Pradesh,Kurnool,Pattikonda,Onion,Local,2016-01-12,600,800
805,Andhra_Pradesh,Kurnool,Alur,Onion,Beelary-Red,2016-01-12,700,900
1145,Andhra_Pradesh,Kurnool,Kurnool,Onion,Local,2016-01-12,50,700
1185,Andhra_Pradesh,Kurnool,Pattikonda,Onion,Local,2016-01-13,2500,2500
845,Andhra_Pradesh,Kurnool,Kurnool,Onion,Local,2016-01-13,550,1280
514,Andhra_Pradesh,Kurnool,Alur,Onion,Beelary-Red,2016-01-13,1500,2300
515,Andhra_Pradesh,Kurnool,Alur,Onion,Beelary-Red,2016-01-14,2000,2500
846,Andhra_Pradesh,Kurnool,Kurnool,Onion,Local,2016-01-14,550,1280
516,Andhra_Pradesh,Kurnool,Alur,Onion,Beelary-Red,2016-01-15,1800,2200
847,Andhra_Pradesh,Kurnool,Kurnool,Onion,Local,2016-01-15,550,1280
848,Andhra_Pradesh,Kurnool,Kurnool,Onion,Local,2016-01-16,550,1280
517,Andhra_Pradesh,Kurnool,Alur,Onion,Beelary-Red,2016-01-16,1400,2200
518,Andhra_Pradesh,Kurnool,Alur,Onion,Beelary-Red,2016-01-17,1800,2600
1186,Andhra_Pradesh,Kurnool,Pattikonda,Onion,Local,2016-01-18,2400,2500
849,Andhra_Pradesh,Kurnool,Kurnool,Onion,Local,2016-01-18,770,1500
519,Andhra_Pradesh,Kurnool,Alur,Onion,Beelary-Red,2016-01-18,1800,2500
520,Andhra_Pradesh,Kurnool,Alur,Onion,Beelary-Red,2016-01-19,1800,2500
1187,Andhra_Pradesh,Kurnool,Pattikonda,Onion,Local,2016-01-19,2300,2500
850,Andhra_Pradesh,Kurnool,Kurnool,Onion,Local,2016-01-19,710,1420
521,Andhra_Pradesh,Kurnool,Alur,Onion,Beelary-Red,2016-01-20,2000,2500
1188,Andhra_Pradesh,Kurnool,Pattikonda,Onion,Local,2016-01-20,2300,2500
851,Andhra_Pradesh,Kurnool,Kurnool,Onion,Local,2016-01-20,700,1340
1189,Andhra_Pradesh,Kurnool,Pattikonda,Onion,Local,2016-01-21,2000,2000
522,Andhra_Pradesh,Kurnool,Alur,Onion,Beelary-Red,2016-01-21,1600,2400
852,Andhra_Pradesh,Kurnool,Kurnool,Onion,Local,2016-01-21,770,1390
523,Andhra_Pradesh,Kurnool,Alur,Onion,Beelary-Red,2016-01-22,1700,2100
853,Andhra_Pradesh,Kurnool,Kurnool,Onion,Local,2016-01-22,720,1260
1190,Andhra_Pradesh,Kurnool,Pattikonda,Onion,Local,2016-01-22,2000,2000
524,Andhra_Pradesh,Kurnool,Alur,Onion,Beelary-Red,2016-01-23,1600,2200
854,Andhra_Pradesh,Kurnool,Kurnool,Onion,Local,2016-01-23,600,1160
1191,Andhra_Pradesh,Kurnool,Pattikonda,Onion,Local,2016-01-23,2000,2000
525,Andhra_Pradesh,Kurnool,Alur,Onion,Beelary-Red,2016-01-24,1700,2100
855,Andhra_Pradesh,Kurnool,Kurnool,Onion,Local,2016-01-24,600,1160
526,Andhra_Pradesh,Kurnool,Alur,Onion,Beelary-Red,2016-01-25,1800,2200
856,Andhra_Pradesh,Kurnool,Kurnool,Onion,Local,2016-01-25,510,1070
1192,Andhra_Pradesh,Kurnool,Pattikonda,Onion,Local,2016-01-25,2000,2000
857,Andhra_Pradesh,Kurnool,Kurnool,Onion,Local,2016-01-26,510,1070
527,Andhra_Pradesh,Kurnool,Alur,Onion,Beelary-Red,2016-01-26,1700,2100
528,Andhra_Pradesh,Kurnool,Alur,Onion,Beelary-Red,2016-01-27,1600,2000
1193,Andhra_Pradesh,Kurnool,Pattikonda,Onion,Local,2016-01-27,1700,1800
858,Andhra_Pradesh,Kurnool,Kurnool,Onion,Local,2016-01-27,530,1070
1194,Andhra_Pradesh,Kurnool,Pattikonda,Onion,Local,2016-01-28,1800,2000
529,Andhra_Pradesh,Kurnool,Alur,Onion,Beelary-Red,2016-01-28,1200,2000
859,Andhra_Pradesh,Kurnool,Kurnool,Onion,Local,2016-01-28,500,1100
860,Andhra_Pradesh,Kurnool,Kurnool,Onion,Local,2016-01-29,520,1000
530,Andhra_Pradesh,Kurnool,Alur,Onion,Beelary-Red,2016-01-29,1100,1900
531,Andhra_Pradesh,Kurnool,Alur,Onion,Beelary-Red,2016-01-30,1200,1800
1195,Andhra_Pradesh,Kurnool,Pattikonda,Onion,Local,2016-01-30,1600,1800
861,Andhra_Pradesh,Kurnool,Kurnool,Onion,Local,2016-01-30,560,990
532,Andhra_Pradesh,Kurnool,Alur,Onion,Beelary-Red,2016-01-31,1600,2000
862,Andhra_Pradesh,Kurnool,Kurnool,Onion,Local,2016-01-31,560,990
835,Andhra_Pradesh,Kurnool,Kurnool,Onion,Local,2016-02-01,720,1670
503,Andhra_Pradesh,Kurnool,Alur,Onion,Beelary-Red,2016-02-01,1800,2600
1176,Andhra_Pradesh,Kurnool,Pattikonda,Onion,Local,2016-02-01,3000,3000
534,Andhra_Pradesh,Kurnool,Alur,Onion,Beelary-Red,2016-02-02,1300,2300
864,Andhra_Pradesh,Kurnool,Kurnool,Onion,Local,2016-02-02,500,1020
1216,Andhra_Pradesh,Kurnool,Pattikonda,Onion,Local,2016-02-03,1400,1500
893,Andhra_Pradesh,Kurnool,Kurnool,Onion,Local,2016-02-03,410,720
563,Andhra_Pradesh,Kurnool,Alur,Onion,Beelary-Red,2016-02-03,800,1400
922,Andhra_Pradesh,Kurnool,Kurnool,Onion,Local,2016-02-04,400,700
1242,Andhra_Pradesh,Kurnool,Pattikonda,Onion,Local,2016-02-04,800,1000
594,Andhra_Pradesh,Kurnool,Alur,Onion,Beelary-Red,2016-02-04,600,1000
1260,Andhra_Pradesh,Kurnool,Pattikonda,Onion,Local,2016-02-05,1700,1800
951,Andhra_Pradesh,Kurnool,Kurnool,Onion,Local,2016-02-05,340,780
613,Andhra_Pradesh,Kurnool,Alur,Onion,Beelary-Red,2016-02-05,800,1600
643,Andhra_Pradesh,Kurnool,Alur,Onion,Beelary-Red,2016-02-06,800,1600
1281,Andhra_Pradesh,Kurnool,Pattikonda,Onion,Local,2016-02-06,1800,2000
981,Andhra_Pradesh,Kurnool,Kurnool,Onion,Local,2016-02-06,570,850
667,Andhra_Pradesh,Kurnool,Alur,Onion,Beelary-Red,2016-02-07,600,1000
1307,Andhra_Pradesh,Kurnool,Pattikonda,Onion,Local,2016-02-07,2000,2000
1010,Andhra_Pradesh,Kurnool,Kurnool,Onion,Local,2016-02-07,680,1000
1040,Andhra_Pradesh,Kurnool,Kurnool,Onion,Local,2016-02-08,440,860
1061,Andhra_Pradesh,Kurnool,Kurnool,Onion,Local,2016-02-09,320,820
1360,Andhra_Pradesh,Kurnool,Pattikonda,Onion,Local,2016-02-09,1300,1500
715,Andhra_Pradesh,Kurnool,Alur,Onion,Beelary-Red,2016-02-09,800,1000
745,Andhra_Pradesh,Kurnool,Alur,Onion,Beelary-Red,2016-02-10,600,600
1090,Andhra_Pradesh,Kurnool,Kurnool,Onion,Local,2016-02-10,300,760
1382,Andhra_Pradesh,Kurnool,Pattikonda,Onion,Local,2016-02-10,800,1000
1116,Andhra_Pradesh,Kurnool,Kurnool,Onion,Local,2016-02-11,50,630
1406,Andhra_Pradesh,Kurnool,Pattikonda,Onion,Local,2016-02-11,600,800
776,Andhra_Pradesh,Kurnool,Alur,Onion,Beelary-Red,2016-02-11,400,600
1146,Andhra_Pradesh,Kurnool,Kurnool,Onion,Local,2016-02-12,50,700
806,Andhra_Pradesh,Kurnool,Alur,Onion,Beelary-Red,2016-02-12,700,900
1433,Andhra_Pradesh,Kurnool,Pattikonda,Onion,Local,2016-02-12,600,800
545,Andhra_Pradesh,Kurnool,Alur,Onion,Beelary-Red,2016-02-13,1700,2100
1201,Andhra_Pradesh,Kurnool,Pattikonda,Onion,Local,2016-02-13,1600,1800
875,Andhra_Pradesh,Kurnool,Kurnool,Onion,Local,2016-02-13,390,760
1202,Andhra_Pradesh,Kurnool,Pattikonda,Onion,Local,2016-02-14,1600,1800
546,Andhra_Pradesh,Kurnool,Alur,Onion,Beelary-Red,2016-02-14,1500,1700
876,Andhra_Pradesh,Kurnool,Kurnool,Onion,Local,2016-02-14,390,760
877,Andhra_Pradesh,Kurnool,Kurnool,Onion,Local,2016-02-15,370,760
547,Andhra_Pradesh,Kurnool,Alur,Onion,Beelary-Red,2016-02-15,1600,1800
1203,Andhra_Pradesh,Kurnool,Pattikonda,Onion,Local,2016-02-15,1600,1800
878,Andhra_Pradesh,Kurnool,Kurnool,Onion,Local,2016-02-16,390,840
548,Andhra_Pradesh,Kurnool,Alur,Onion,Beelary-Red,2016-02-16,1000,1600
1204,Andhra_Pradesh,Kurnool,Pattikonda,Onion,Local,2016-02-16,1300,1500
549,Andhra_Pradesh,Kurnool,Alur,Onion,Beelary-Red,2016-02-17,1300,1500
879,Andhra_Pradesh,Kurnool,Kurnool,Onion,Local,2016-02-17,370,890
1205,Andhra_Pradesh,Kurnool,Pattikonda,Onion,Local,2016-02-17,1300,1500
880,Andhra_Pradesh,Kurnool,Kurnool,Onion,Local,2016-02-18,450,930
1206,Andhra_Pradesh,Kurnool,Pattikonda,Onion,Local,2016-02-18,1300,1500
550,Andhra_Pradesh,Kurnool,Alur,Onion,Beelary-Red,2016-02-18,800,1600
551,Andhra_Pradesh,Kurnool,Alur,Onion,Beelary-Red,2016-02-19,900,1500
1207,Andhra_Pradesh,Kurnool,Pattikonda,Onion,Local,2016-02-19,1300,1500
881,Andhra_Pradesh,Kurnool,Kurnool,Onion,Local,2016-02-19,400,840
1208,Andhra_Pradesh,Kurnool,Pattikonda,Onion,Local,2016-02-20,1400,1500
882,Andhra_Pradesh,Kurnool,Kurnool,Onion,Local,2016-02-20,420,810
552,Andhra_Pradesh,Kurnool,Alur,Onion,Beelary-Red,2016-02-20,800,1600
883,Andhra_Pradesh,Kurnool,Kurnool,Onion,Local,2016-02-21,420,810
1209,Andhra_Pradesh,Kurnool,Pattikonda,Onion,Local,2016-02-21,1300,1500
553,Andhra_Pradesh,Kurnool,Alur,Onion,Beelary-Red,2016-02-21,900,1500
1210,Andhra_Pradesh,Kurnool,Pattikonda,Onion,Local,2016-02-22,1200,1500
884,Andhra_Pradesh,Kurnool,Kurnool,Onion,Local,2016-02-22,450,850
554,Andhra_Pradesh,Kurnool,Alur,Onion,Beelary-Red,2016-02-22,800,1600
885,Andhra_Pradesh,Kurnool,Kurnool,Onion,Local,2016-02-23,470,880
1211,Andhra_Pradesh,Kurnool,Pattikonda,Onion,Local,2016-02-23,1400,1500
555,Andhra_Pradesh,Kurnool,Alur,Onion,Beelary-Red,2016-02-23,1000,1700
556,Andhra_Pradesh,Kurnool,Alur,Onion,Beelary-Red,2016-02-24,1300,1500
886,Andhra_Pradesh,Kurnool,Kurnool,Onion,Local,2016-02-24,400,820
1212,Andhra_Pradesh,Kurnool,Pattikonda,Onion,Local,2016-02-24,1300,1500
557,Andhra_Pradesh,Kurnool,Alur,Onion,Beelary-Red,2016-02-25,800,1400
887,Andhra_Pradesh,Kurnool,Kurnool,Onion,Local,2016-02-25,420,860
1213,Andhra_Pradesh,Kurnool,Pattikonda,Onion,Local,2016-02-25,1300,1500
888,Andhra_Pradesh,Kurnool,Kurnool,Onion,Local,2016-02-26,440,840
558,Andhra_Pradesh,Kurnool,Alur,Onion,Beelary-Red,2016-02-26,700,1300
1214,Andhra_Pradesh,Kurnool,Pattikonda,Onion,Local,2016-02-26,1300,1500
889,Andhra_Pradesh,Kurnool,Kurnool,Onion,Local,2016-02-27,460,850
559,Andhra_Pradesh,Kurnool,Alur,Onion,Beelary-Red,2016-02-27,800,1400
560,Andhra_Pradesh,Kurnool,Alur,Onion,Beelary-Red,2016-02-28,900,1300
890,Andhra_Pradesh,Kurnool,Kurnool,Onion,Local,2016-02-28,460,850
891,Andhra_Pradesh,Kurnool,Kurnool,Onion,Local,2016-02-29,430,800
561,Andhra_Pradesh,Kurnool,Alur,Onion,Beelary-Red,2016-02-29,800,1200
504,Andhra_Pradesh,Kurnool,Alur,Onion,Beelary-Red,2016-03-01,2000,3000
1177,Andhra_Pradesh,Kurnool,Pattikonda,Onion,Local,2016-03-01,2500,2500
836,Andhra_Pradesh,Kurnool,Kurnool,Onion,Local,2016-03-01,720,1670
865,Andhra_Pradesh,Kurnool,Kurnool,Onion,Local,2016-03-02,540,930
1196,Andhra_Pradesh,Kurnool,Pattikonda,Onion,Local,2016-03-02,2000,2000
535,Andhra_Pradesh,Kurnool,Alur,Onion,Beelary-Red,2016-03-02,1600,2400
1217,Andhra_Pradesh,Kurnool,Pattikonda,Onion,Local,2016-03-03,1300,1500
564,Andhra_Pradesh,Kurnool,Alur,Onion,Beelary-Red,2016-03-03,800,1400
894,Andhra_Pradesh,Kurnool,Kurnool,Onion,Local,2016-03-03,380,710
923,Andhra_Pradesh,Kurnool,Kurnool,Onion,Local,2016-03-04,400,700
595,Andhra_Pradesh,Kurnool,Alur,Onion,Beelary-Red,2016-03-04,600,1000
1243,Andhra_Pradesh,Kurnool,Pattikonda,Onion,Local,2016-03-04,800,1000
1261,Andhra_Pradesh,Kurnool,Pattikonda,Onion,Local,2016-03-05,2000,2000
982,Andhra_Pradesh,Kurnool,Kurnool,Onion,Local,2016-03-06,400,710
1282,Andhra_Pradesh,Kurnool,Pattikonda,Onion,Local,2016-03-06,2000,2000
644,Andhra_Pradesh,Kurnool,Alur,Onion,Beelary-Red,2016-03-06,800,1600
1308,Andhra_Pradesh,Kurnool,Pattikonda,Onion,Local,2016-03-07,2000,2000
1011,Andhra_Pradesh,Kurnool,Kurnool,Onion,Local,2016-03-07,680,1000
668,Andhra_Pradesh,Kurnool,Alur,Onion,Beelary-Red,2016-03-07,600,1000
1334,Andhra_Pradesh,Kurnool,Pattikonda,Onion,Local,2016-03-08,1700,2000
1041,Andhra_Pradesh,Kurnool,Kurnool,Onion,Local,2016-03-08,440,880
1361,Andhra_Pradesh,Kurnool,Pattikonda,Onion,Local,2016-03-09,1300,1500
1062,Andhra_Pradesh,Kurnool,Kurnool,Onion,Local,2016-03-09,320,820
716,Andhra_Pradesh,Kurnool,Alur,Onion,Beelary-Red,2016-03-09,700,900
1383,Andhra_Pradesh,Kurnool,Pattikonda,Onion,Local,2016-03-10,800,1000
1091,Andhra_Pradesh,Kurnool,Kurnool,Onion,Local,2016-03-10,310,800
746,Andhra_Pradesh,Kurnool,Alur,Onion,Beelary-Red,2016-03-10,600,600
777,Andhra_Pradesh,Kurnool,Alur,Onion,Beelary-Red,2016-03-11,400,600
1117,Andhra_Pradesh,Kurnool,Kurnool,Onion,Local,2016-03-11,90,610
1407,Andhra_Pradesh,Kurnool,Pattikonda,Onion,Local,2016-03-11,600,800
1434,Andhra_Pradesh,Kurnool,Pattikonda,Onion,Local,2016-03-12,600,800
1147,Andhra_Pradesh,Kurnool,Kurnool,Onion,Local,2016-03-12,50,600
807,Andhra_Pradesh,Kurnool,Alur,Onion,Beelary-Red,2016-03-12,700,900
574,Andhra_Pradesh,Kurnool,Alur,Onion,Beelary-Red,2016-03-13,700,1100
903,Andhra_Pradesh,Kurnool,Kurnool,Onion,Local,2016-03-13,400,620
1226,Andhra_Pradesh,Kurnool,Pattikonda,Onion,Local,2016-03-13,1400,1500
904,Andhra_Pradesh,Kurnool,Kurnool,Onion,Local,2016-03-14,240,670
575,Andhra_Pradesh,Kurnool,Alur,Onion,Beelary-Red,2016-03-14,600,1000
1227,Andhra_Pradesh,Kurnool,Pattikonda,Onion,Local,2016-03-15,1000,1000
905,Andhra_Pradesh,Kurnool,Kurnool,Onion,Local,2016-03-15,340,690
576,Andhra_Pradesh,Kurnool,Alur,Onion,Beelary-Red,2016-03-15,600,1000
906,Andhra_Pradesh,Kurnool,Kurnool,Onion,Local,2016-03-16,380,700
1228,Andhra_Pradesh,Kurnool,Pattikonda,Onion,Local,2016-03-16,900,1000
577,Andhra_Pradesh,Kurnool,Alur,Onion,Beelary-Red,2016-03-16,600,1200
1229,Andhra_Pradesh,Kurnool,Pattikonda,Onion,Local,2016-03-17,900,1000
907,Andhra_Pradesh,Kurnool,Kurnool,Onion,Local,2016-03-17,200,620
578,Andhra_Pradesh,Kurnool,Alur,Onion,Beelary-Red,2016-03-17,700,1100
1230,Andhra_Pradesh,Kurnool,Pattikonda,Onion,Local,2016-03-18,900,1000
579,Andhra_Pradesh,Kurnool,Alur,Onion,Beelary-Red,2016-03-18,700,1300
908,Andhra_Pradesh,Kurnool,Kurnool,Onion,Local,2016-03-18,250,660
909,Andhra_Pradesh,Kurnool,Kurnool,Onion,Local,2016-03-19,260,620
580,Andhra_Pradesh,Kurnool,Alur,Onion,Beelary-Red,2016-03-19,800,1200
1231,Andhra_Pradesh,Kurnool,Pattikonda,Onion,Local,2016-03-19,1000,1000
581,Andhra_Pradesh,Kurnool,Alur,Onion,Beelary-Red,2016-03-20,800,1200
910,Andhra_Pradesh,Kurnool,Kurnool,Onion,Local,2016-03-20,260,680
582,Andhra_Pradesh,Kurnool,Alur,Onion,Beelary-Red,2016-03-21,800,1200
583,Andhra_Pradesh,Kurnool,Alur,Onion,Beelary-Red,2016-03-22,600,1000
911,Andhra_Pradesh,Kurnool,Kurnool,Onion,Local,2016-03-22,300,700
1232,Andhra_Pradesh,Kurnool,Pattikonda,Onion,Local,2016-03-22,900,1000
1233,Andhra_Pradesh,Kurnool,Pattikonda,Onion,Local,2016-03-23,1000,1000
912,Andhra_Pradesh,Kurnool,Kurnool,Onion,Local,2016-03-23,300,700
584,Andhra_Pradesh,Kurnool,Alur,Onion,Beelary-Red,2016-03-23,600,1000
913,Andhra_Pradesh,Kurnool,Kurnool,Onion,Local,2016-03-24,300,640
1234,Andhra_Pradesh,Kurnool,Pattikonda,Onion,Local,2016-03-24,1000,1000
585,Andhra_Pradesh,Kurnool,Alur,Onion,Beelary-Red,2016-03-24,600,1000
586,Andhra_Pradesh,Kurnool,Alur,Onion,Beelary-Red,2016-03-25,600,1000
1235,Andhra_Pradesh,Kurnool,Pattikonda,Onion,Local,2016-03-25,1000,1000
914,Andhra_Pradesh,Kurnool,Kurnool,Onion,Local,2016-03-25,300,640
915,Andhra_Pradesh,Kurnool,Kurnool,Onion,Local,2016-03-26,330,700
1236,Andhra_Pradesh,Kurnool,Pattikonda,Onion,Local,2016-03-26,1000,1000
587,Andhra_Pradesh,Kurnool,Alur,Onion,Beelary-Red,2016-03-26,600,1000
588,Andhra_Pradesh,Kurnool,Alur,Onion,Beelary-Red,2016-03-27,600,800
1237,Andhra_Pradesh,Kurnool,Pattikonda,Onion,Local,2016-03-27,800,1000
916,Andhra_Pradesh,Kurnool,Kurnool,Onion,Local,2016-03-27,330,700
589,Andhra_Pradesh,Kurnool,Alur,Onion,Beelary-Red,2016-03-28,600,800
917,Andhra_Pradesh,Kurnool,Kurnool,Onion,Local,2016-03-28,370,700
1238,Andhra_Pradesh,Kurnool,Pattikonda,Onion,Local,2016-03-29,800,800
590,Andhra_Pradesh,Kurnool,Alur,Onion,Beelary-Red,2016-03-29,800,1200
918,Andhra_Pradesh,Kurnool,Kurnool,Onion,Local,2016-03-29,390,700
591,Andhra_Pradesh,Kurnool,Alur,Onion,Beelary-Red,2016-03-30,800,1200
1239,Andhra_Pradesh,Kurnool,Pattikonda,Onion,Local,2016-03-30,800,1000
919,Andhra_Pradesh,Kurnool,Kurnool,Onion,Local,2016-03-30,400,720
920,Andhra_Pradesh,Kurnool,Kurnool,Onion,Local,2016-03-31,380,720
1240,Andhra_Pradesh,Kurnool,Pattikonda,Onion,Local,2016-03-31,1000,1200
592,Andhra_Pradesh,Kurnool,Alur,Onion,Beelary-Red,2016-03-31,600,1200
1178,Andhra_Pradesh,Kurnool,Pattikonda,Onion,Local,2016-04-01,3000,3000
837,Andhra_Pradesh,Kurnool,Kurnool,Onion,Local,2016-04-01,780,1590
505,Andhra_Pradesh,Kurnool,Alur,Onion,Beelary-Red,2016-04-01,2000,3000
1197,Andhra_Pradesh,Kurnool,Pattikonda,Onion,Local,2016-04-02,1800,2000
866,Andhra_Pradesh,Kurnool,Kurnool,Onion,Local,2016-04-02,450,890
536,Andhra_Pradesh,Kurnool,Alur,Onion,Beelary-Red,2016-04-02,1600,2000
565,Andhra_Pradesh,Kurnool,Alur,Onion,Beelary-Red,2016-04-03,800,1200
1218,Andhra_Pradesh,Kurnool,Pattikonda,Onion,Local,2016-04-03,1300,1500
895,Andhra_Pradesh,Kurnool,Kurnool,Onion,Local,2016-04-03,420,730
596,Andhra_Pradesh,Kurnool,Alur,Onion,Beelary-Red,2016-04-04,600,1000
924,Andhra_Pradesh,Kurnool,Kurnool,Onion,Local,2016-04-04,480,800
1244,Andhra_Pradesh,Kurnool,Pattikonda,Onion,Local,2016-04-04,800,1000
614,Andhra_Pradesh,Kurnool,Alur,Onion,Beelary-Red,2016-04-05,600,1800
952,Andhra_Pradesh,Kurnool,Kurnool,Onion,Local,2016-04-05,240,720
1262,Andhra_Pradesh,Kurnool,Pattikonda,Onion,Local,2016-04-05,2000,2000
983,Andhra_Pradesh,Kurnool,Kurnool,Onion,Local,2016-04-06,400,710
1283,Andhra_Pradesh,Kurnool,Pattikonda,Onion,Local,2016-04-06,2000,2000
1012,Andhra_Pradesh,Kurnool,Kurnool,Onion,Local,2016-04-07,390,930
669,Andhra_Pradesh,Kurnool,Alur,Onion,Beelary-Red,2016-04-07,500,900
1042,Andhra_Pradesh,Kurnool,Kurnool,Onion,Local,2016-04-08,390,790
1362,Andhra_Pradesh,Kurnool,Pattikonda,Onion,Local,2016-04-09,1300,1500
1063,Andhra_Pradesh,Kurnool,Kurnool,Onion,Local,2016-04-09,320,820
717,Andhra_Pradesh,Kurnool,Alur,Onion,Beelary-Red,2016-04-09,500,700
747,Andhra_Pradesh,Kurnool,Alur,Onion,Beelary-Red,2016-04-10,600,600
1092,Andhra_Pradesh,Kurnool,Kurnool,Onion,Local,2016-04-10,300,700
1384,Andhra_Pradesh,Kurnool,Pattikonda,Onion,Local,2016-04-10,700,1000
1408,Andhra_Pradesh,Kurnool,Pattikonda,Onion,Local,2016-04-11,600,800
1118,Andhra_Pradesh,Kurnool,Kurnool,Onion,Local,2016-04-11,170,750
778,Andhra_Pradesh,Kurnool,Alur,Onion,Beelary-Red,2016-04-11,600,800
1148,Andhra_Pradesh,Kurnool,Kurnool,Onion,Local,2016-04-12,50,600
808,Andhra_Pradesh,Kurnool,Alur,Onion,Beelary-Red,2016-04-12,650,850
605,Andhra_Pradesh,Kurnool,Alur,Onion,Beelary-Red,2016-04-13,600,1000
932,Andhra_Pradesh,Kurnool,Kurnool,Onion,Local,2016-04-13,430,740
1251,Andhra_Pradesh,Kurnool,Pattikonda,Onion,Local,2016-04-13,900,1000
933,Andhra_Pradesh,Kurnool,Kurnool,Onion,Local,2016-04-14,420,740
606,Andhra_Pradesh,Kurnool,Alur,Onion,Beelary-Red,2016-04-14,600,1200
934,Andhra_Pradesh,Kurnool,Kurnool,Onion,Local,2016-04-15,420,740
607,Andhra_Pradesh,Kurnool,Alur,Onion,Beelary-Red,2016-04-15,600,1400
608,Andhra_Pradesh,Kurnool,Alur,Onion,Beelary-Red,2016-04-16,600,1400
935,Andhra_Pradesh,Kurnool,Kurnool,Onion,Local,2016-04-16,340,630
1252,Andhra_Pradesh,Kurnool,Pattikonda,Onion,Local,2016-04-16,1000,1000
609,Andhra_Pradesh,Kurnool,Alur,Onion,Beelary-Red,2016-04-17,800,1400
936,Andhra_Pradesh,Kurnool,Kurnool,Onion,Local,2016-04-17,340,630
610,Andhra_Pradesh,Kurnool,Alur,Onion,Beelary-Red,2016-04-18,800,1400
937,Andhra_Pradesh,Kurnool,Kurnool,Onion,Local,2016-04-18,290,710
938,Andhra_Pradesh,Kurnool,Kurnool,Onion,Local,2016-04-19,150,670
1253,Andhra_Pradesh,Kurnool,Pattikonda,Onion,Local,2016-04-19,1000,1000
611,Andhra_Pradesh,Kurnool,Alur,Onion,Beelary-Red,2016-04-19,600,1000
939,Andhra_Pradesh,Kurnool,Kurnool,Onion,Local,2016-04-20,230,710
1254,Andhra_Pradesh,Kurnool,Pattikonda,Onion,Local,2016-04-20,1000,1000
940,Andhra_Pradesh,Kurnool,Kurnool,Onion,Local,2016-04-21,260,650
1255,Andhra_Pradesh,Kurnool,Pattikonda,Onion,Local,2016-04-21,1000,1000
941,Andhra_Pradesh,Kurnool,Kurnool,Onion,Local,2016-04-22,260,540
942,Andhra_Pradesh,Kurnool,Kurnool,Onion,Local,2016-04-23,240,640
1256,Andhra_Pradesh,Kurnool,Pattikonda,Onion,Local,2016-04-23,1300,1500
943,Andhra_Pradesh,Kurnool,Kurnool,Onion,Local,2016-04-24,240,640
944,Andhra_Pradesh,Kurnool,Kurnool,Onion,Local,2016-04-25,280,750
945,Andhra_Pradesh,Kurnool,Kurnool,Onion,Local,2016-04-26,200,610
946,Andhra_Pradesh,Kurnool,Kurnool,Onion,Local,2016-04-27,310,610
947,Andhra_Pradesh,Kurnool,Kurnool,Onion,Local,2016-04-28,280,690
948,Andhra_Pradesh,Kurnool,Kurnool,Onion,Local,2016-04-29,290,830
1257,Andhra_Pradesh,Kurnool,Pattikonda,Onion,Local,2016-04-29,1300,1500
949,Andhra_Pradesh,Kurnool,Kurnool,Onion,Local,2016-04-30,310,870
1258,Andhra_Pradesh,Kurnool,Pattikonda,Onion,Local,2016-04-30,1800,1800
838,Andhra_Pradesh,Kurnool,Kurnool,Onion,Local,2016-05-01,740,1580
1179,Andhra_Pradesh,Kurnool,Pattikonda,Onion,Local,2016-05-01,3000,3000
506,Andhra_Pradesh,Kurnool,Alur,Onion,Beelary-Red,2016-05-01,2000,2900
537,Andhra_Pradesh,Kurnool,Alur,Onion,Beelary-Red,2016-05-02,1600,2000
1198,Andhra_Pradesh,Kurnool,Pattikonda,Onion,Local,2016-05-02,2000,2000
867,Andhra_Pradesh,Kurnool,Kurnool,Onion,Local,2016-05-02,450,980
896,Andhra_Pradesh,Kurnool,Kurnool,Onion,Local,2016-05-03,440,740
1219,Andhra_Pradesh,Kurnool,Pattikonda,Onion,Local,2016-05-03,1400,1500
566,Andhra_Pradesh,Kurnool,Alur,Onion,Beelary-Red,2016-05-03,800,1400
1245,Andhra_Pradesh,Kurnool,Pattikonda,Onion,Local,2016-05-04,1000,1000
597,Andhra_Pradesh,Kurnool,Alur,Onion,Beelary-Red,2016-05-04,800,1200
953,Andhra_Pradesh,Kurnool,Kurnool,Onion,Local,2016-05-05,310,680
1263,Andhra_Pradesh,Kurnool,Pattikonda,Onion,Local,2016-05-05,2400,2500
615,Andhra_Pradesh,Kurnool,Alur,Onion,Beelary-Red,2016-05-05,800,1200
645,Andhra_Pradesh,Kurnool,Alur,Onion,Beelary-Red,2016-05-06,800,1600
1284,Andhra_Pradesh,Kurnool,Pattikonda,Onion,Local,2016-05-06,2000,2000
670,Andhra_Pradesh,Kurnool,Alur,Onion,Beelary-Red,2016-05-07,600,800
1013,Andhra_Pradesh,Kurnool,Kurnool,Onion,Local,2016-05-07,530,900
1309,Andhra_Pradesh,Kurnool,Pattikonda,Onion,Local,2016-05-07,2000,2000
1335,Andhra_Pradesh,Kurnool,Pattikonda,Onion,Local,2016-05-08,2000,2000
718,Andhra_Pradesh,Kurnool,Alur,Onion,Beelary-Red,2016-05-09,500,700
1363,Andhra_Pradesh,Kurnool,Pattikonda,Onion,Local,2016-05-09,1300,1500
1064,Andhra_Pradesh,Kurnool,Kurnool,Onion,Local,2016-05-09,320,820
748,Andhra_Pradesh,Kurnool,Alur,Onion,Beelary-Red,2016-05-10,600,600
1385,Andhra_Pradesh,Kurnool,Pattikonda,Onion,Local,2016-05-10,800,1000
1093,Andhra_Pradesh,Kurnool,Kurnool,Onion,Local,2016-05-10,150,900
1119,Andhra_Pradesh,Kurnool,Kurnool,Onion,Local,2016-05-11,170,800
779,Andhra_Pradesh,Kurnool,Alur,Onion,Beelary-Red,2016-05-11,600,800
1409,Andhra_Pradesh,Kurnool,Pattikonda,Onion,Local,2016-05-11,500,600
809,Andhra_Pradesh,Kurnool,Alur,Onion,Beelary-Red,2016-05-12,650,850
1149,Andhra_Pradesh,Kurnool,Kurnool,Onion,Local,2016-05-12,60,760
1269,Andhra_Pradesh,Kurnool,Pattikonda,Onion,Local,2016-05-13,2000,2000
961,Andhra_Pradesh,Kurnool,Kurnool,Onion,Local,2016-05-13,330,700
623,Andhra_Pradesh,Kurnool,Alur,Onion,Beelary-Red,2016-05-13,800,1600
624,Andhra_Pradesh,Kurnool,Alur,Onion,Beelary-Red,2016-05-14,600,1400
962,Andhra_Pradesh,Kurnool,Kurnool,Onion,Local,2016-05-14,310,670
625,Andhra_Pradesh,Kurnool,Alur,Onion,Beelary-Red,2016-05-15,600,1200
963,Andhra_Pradesh,Kurnool,Kurnool,Onion,Local,2016-05-15,310,670
626,Andhra_Pradesh,Kurnool,Alur,Onion,Beelary-Red,2016-05-16,600,800
964,Andhra_Pradesh,Kurnool,Kurnool,Onion,Local,2016-05-16,300,680
1270,Andhra_Pradesh,Kurnool,Pattikonda,Onion,Local,2016-05-16,2000,2000
1271,Andhra_Pradesh,Kurnool,Pattikonda,Onion,Local,2016-05-17,2000,2000
627,Andhra_Pradesh,Kurnool,Alur,Onion,Beelary-Red,2016-05-17,800,1600
965,Andhra_Pradesh,Kurnool,Kurnool,Onion,Local,2016-05-17,260,710
966,Andhra_Pradesh,Kurnool,Kurnool,Onion,Local,2016-05-18,310,640
1272,Andhra_Pradesh,Kurnool,Pattikonda,Onion,Local,2016-05-18,2000,2000
628,Andhra_Pradesh,Kurnool,Alur,Onion,Beelary-Red,2016-05-18,800,1600
967,Andhra_Pradesh,Kurnool,Kurnool,Onion,Local,2016-05-19,310,720
1273,Andhra_Pradesh,Kurnool,Pattikonda,Onion,Local,2016-05-19,2000,2000
629,Andhra_Pradesh,Kurnool,Alur,Onion,Beelary-Red,2016-05-19,500,1500
630,Andhra_Pradesh,Kurnool,Alur,Onion,Beelary-Red,2016-05-20,800,1600
1274,Andhra_Pradesh,Kurnool,Pattikonda,Onion,Local,2016-05-20,2000,2000
968,Andhra_Pradesh,Kurnool,Kurnool,Onion,Local,2016-05-20,320,800
1275,Andhra_Pradesh,Kurnool,Pattikonda,Onion,Local,2016-05-21,2000,2000
969,Andhra_Pradesh,Kurnool,Kurnool,Onion,Local,2016-05-21,300,540
631,Andhra_Pradesh,Kurnool,Alur,Onion,Beelary-Red,2016-05-21,900,1700
970,Andhra_Pradesh,Kurnool,Kurnool,Onion,Local,2016-05-22,300,540
1276,Andhra_Pradesh,Kurnool,Pattikonda,Onion,Local,2016-05-22,1400,1500
632,Andhra_Pradesh,Kurnool,Alur,Onion,Beelary-Red,2016-05-22,900,1500
633,Andhra_Pradesh,Kurnool,Alur,Onion,Beelary-Red,2016-05-23,800,1600
971,Andhra_Pradesh,Kurnool,Kurnool,Onion,Local,2016-05-23,290,830
1277,Andhra_Pradesh,Kurnool,Pattikonda,Onion,Local,2016-05-23,1300,1500
972,Andhra_Pradesh,Kurnool,Kurnool,Onion,Local,2016-05-24,480,880
634,Andhra_Pradesh,Kurnool,Alur,Onion,Beelary-Red,2016-05-24,800,1400
1278,Andhra_Pradesh,Kurnool,Pattikonda,Onion,Local,2016-05-24,2000,2000
973,Andhra_Pradesh,Kurnool,Kurnool,Onion,Local,2016-05-25,520,840
635,Andhra_Pradesh,Kurnool,Alur,Onion,Beelary-Red,2016-05-25,700,1300
974,Andhra_Pradesh,Kurnool,Kurnool,Onion,Local,2016-05-26,490,720
1279,Andhra_Pradesh,Kurnool,Pattikonda,Onion,Local,2016-05-26,1400,1500
636,Andhra_Pradesh,Kurnool,Alur,Onion,Beelary-Red,2016-05-26,800,1200
975,Andhra_Pradesh,Kurnool,Kurnool,Onion,Local,2016-05-27,460,840
637,Andhra_Pradesh,Kurnool,Alur,Onion,Beelary-Red,2016-05-27,800,1200
976,Andhra_Pradesh,Kurnool,Kurnool,Onion,Local,2016-05-28,390,800
638,Andhra_Pradesh,Kurnool,Alur,Onion,Beelary-Red,2016-05-28,700,1300
639,Andhra_Pradesh,Kurnool,Alur,Onion,Beelary-Red,2016-05-29,600,1200
977,Andhra_Pradesh,Kurnool,Kurnool,Onion,Local,2016-05-29,390,800
978,Andhra_Pradesh,Kurnool,Kurnool,Onion,Local,2016-05-30,520,750
640,Andhra_Pradesh,Kurnool,Alur,Onion,Beelary-Red,2016-05-30,700,1100
1174,Andhra_Pradesh,Kurnool,Pattikonda,Onion,Hybrid,2016-05-31,2000,2000
641,Andhra_Pradesh,Kurnool,Alur,Onion,Beelary-Red,2016-05-31,700,1500
979,Andhra_Pradesh,Kurnool,Kurnool,Onion,Local,2016-05-31,430,810
839,Andhra_Pradesh,Kurnool,Kurnool,Onion,Local,2016-06-01,800,1530
507,Andhra_Pradesh,Kurnool,Alur,Onion,Beelary-Red,2016-06-01,2000,2600
1180,Andhra_Pradesh,Kurnool,Pattikonda,Onion,Local,2016-06-01,2500,2500
538,Andhra_Pradesh,Kurnool,Alur,Onion,Beelary-Red,2016-06-02,1600,2000
868,Andhra_Pradesh,Kurnool,Kurnool,Onion,Local,2016-06-02,440,850
1199,Andhra_Pradesh,Kurnool,Pattikonda,Onion,Local,2016-06-02,1700,1800
897,Andhra_Pradesh,Kurnool,Kurnool,Onion,Local,2016-06-03,440,740
1220,Andhra_Pradesh,Kurnool,Pattikonda,Onion,Local,2016-06-03,1400,1500
567,Andhra_Pradesh,Kurnool,Alur,Onion,Beelary-Red,2016-06-03,800,1300
598,Andhra_Pradesh,Kurnool,Alur,Onion,Beelary-Red,2016-06-04,800,1200
1246,Andhra_Pradesh,Kurnool,Pattikonda,Onion,Local,2016-06-04,1000,1000
925,Andhra_Pradesh,Kurnool,Kurnool,Onion,Local,2016-06-04,400,730
616,Andhra_Pradesh,Kurnool,Alur,Onion,Beelary-Red,2016-06-05,1200,1800
1264,Andhra_Pradesh,Kurnool,Pattikonda,Onion,Local,2016-06-05,2400,2500
954,Andhra_Pradesh,Kurnool,Kurnool,Onion,Local,2016-06-05,310,680
646,Andhra_Pradesh,Kurnool,Alur,Onion,Beelary-Red,2016-06-06,800,1600
1285,Andhra_Pradesh,Kurnool,Pattikonda,Onion,Local,2016-06-06,2000,2000
984,Andhra_Pradesh,Kurnool,Kurnool,Onion,Local,2016-06-06,540,890
1310,Andhra_Pradesh,Kurnool,Pattikonda,Onion,Local,2016-06-07,2000,2000
671,Andhra_Pradesh,Kurnool,Alur,Onion,Beelary-Red,2016-06-07,650,850
1014,Andhra_Pradesh,Kurnool,Kurnool,Onion,Local,2016-06-07,610,690
1336,Andhra_Pradesh,Kurnool,Pattikonda,Onion,Local,2016-06-08,1800,2000
1043,Andhra_Pradesh,Kurnool,Kurnool,Onion,Local,2016-06-08,350,1000
719,Andhra_Pradesh,Kurnool,Alur,Onion,Beelary-Red,2016-06-09,500,700
1065,Andhra_Pradesh,Kurnool,Kurnool,Onion,Local,2016-06-09,300,680
749,Andhra_Pradesh,Kurnool,Alur,Onion,Beelary-Red,2016-06-10,500,600
1094,Andhra_Pradesh,Kurnool,Kurnool,Onion,Local,2016-06-10,100,670
1386,Andhra_Pradesh,Kurnool,Pattikonda,Onion,Local,2016-06-10,800,1000
780,Andhra_Pradesh,Kurnool,Alur,Onion,Beelary-Red,2016-06-11,600,800
1120,Andhra_Pradesh,Kurnool,Kurnool,Onion,Local,2016-06-11,170,800
1410,Andhra_Pradesh,Kurnool,Pattikonda,Onion,Local,2016-06-11,600,800
1150,Andhra_Pradesh,Kurnool,Kurnool,Onion,Local,2016-06-12,50,730
810,Andhra_Pradesh,Kurnool,Alur,Onion,Beelary-Red,2016-06-12,600,800
1435,Andhra_Pradesh,Kurnool,Pattikonda,Onion,Local,2016-06-12,500,600
991,Andhra_Pradesh,Kurnool,Kurnool,Onion,Local,2016-06-13,310,800
653,Andhra_Pradesh,Kurnool,Alur,Onion,Beelary-Red,2016-06-13,600,1000
654,Andhra_Pradesh,Kurnool,Alur,Onion,Beelary-Red,2016-06-14,600,1000
992,Andhra_Pradesh,Kurnool,Kurnool,Onion,Local,2016-06-14,860,860
1291,Andhra_Pradesh,Kurnool,Pattikonda,Onion,Local,2016-06-14,1300,1500
993,Andhra_Pradesh,Kurnool,Kurnool,Onion,Local,2016-06-15,680,760
1292,Andhra_Pradesh,Kurnool,Pattikonda,Onion,Local,2016-06-15,1300,1500
655,Andhra_Pradesh,Kurnool,Alur,Onion,Beelary-Red,2016-06-16,600,800
994,Andhra_Pradesh,Kurnool,Kurnool,Onion,Local,2016-06-16,580,880
1293,Andhra_Pradesh,Kurnool,Pattikonda,Onion,Local,2016-06-16,1400,1500
995,Andhra_Pradesh,Kurnool,Kurnool,Onion,Local,2016-06-17,650,820
656,Andhra_Pradesh,Kurnool,Alur,Onion,Beelary-Red,2016-06-17,600,800
1294,Andhra_Pradesh,Kurnool,Pattikonda,Onion,Local,2016-06-17,1400,1500
996,Andhra_Pradesh,Kurnool,Kurnool,Onion,Local,2016-06-18,360,800
1295,Andhra_Pradesh,Kurnool,Pattikonda,Onion,Local,2016-06-18,2000,2000
657,Andhra_Pradesh,Kurnool,Alur,Onion,Beelary-Red,2016-06-18,500,800
658,Andhra_Pradesh,Kurnool,Alur,Onion,Beelary-Red,2016-06-19,500,800
1296,Andhra_Pradesh,Kurnool,Pattikonda,Onion,Local,2016-06-19,2000,2000
997,Andhra_Pradesh,Kurnool,Kurnool,Onion,Local,2016-06-19,360,800
998,Andhra_Pradesh,Kurnool,Kurnool,Onion,Local,2016-06-20,210,770
659,Andhra_Pradesh,Kurnool,Alur,Onion,Beelary-Red,2016-06-20,600,700
1297,Andhra_Pradesh,Kurnool,Pattikonda,Onion,Local,2016-06-20,1400,1500
660,Andhra_Pradesh,Kurnool,Alur,Onion,Beelary-Red,2016-06-21,550,750
1298,Andhra_Pradesh,Kurnool,Pattikonda,Onion,Local,2016-06-21,1400,1500
999,Andhra_Pradesh,Kurnool,Kurnool,Onion,Local,2016-06-21,860,860
661,Andhra_Pradesh,Kurnool,Alur,Onion,Beelary-Red,2016-06-22,600,800
1299,Andhra_Pradesh,Kurnool,Pattikonda,Onion,Local,2016-06-22,1400,1500
1000,Andhra_Pradesh,Kurnool,Kurnool,Onion,Local,2016-06-22,590,900
1300,Andhra_Pradesh,Kurnool,Pattikonda,Onion,Local,2016-06-23,1500,1800
662,Andhra_Pradesh,Kurnool,Alur,Onion,Beelary-Red,2016-06-23,600,800
1001,Andhra_Pradesh,Kurnool,Kurnool,Onion,Local,2016-06-23,590,900
1301,Andhra_Pradesh,Kurnool,Pattikonda,Onion,Local,2016-06-24,2000,2000
663,Andhra_Pradesh,Kurnool,Alur,Onion,Beelary-Red,2016-06-24,600,800
1002,Andhra_Pradesh,Kurnool,Kurnool,Onion,Local,2016-06-24,260,930
1003,Andhra_Pradesh,Kurnool,Kurnool,Onion,Local,2016-06-25,620,620
1302,Andhra_Pradesh,Kurnool,Pattikonda,Onion,Local,2016-06-25,2000,2000
664,Andhra_Pradesh,Kurnool,Alur,Onion,Beelary-Red,2016-06-25,650,850
1004,Andhra_Pradesh,Kurnool,Kurnool,Onion,Local,2016-06-26,620,620
1454,Andhra_Pradesh,Kurnool,Pattikonda,Onion,Medium,2016-06-26,2000,2000
1303,Andhra_Pradesh,Kurnool,Pattikonda,Onion,Local,2016-06-27,2000,2000
1005,Andhra_Pradesh,Kurnool,Kurnool,Onion,Local,2016-06-27,490,740
1304,Andhra_Pradesh,Kurnool,Pattikonda,Onion,Local,2016-06-28,2000,2000
1006,Andhra_Pradesh,Kurnool,Kurnool,Onion,Local,2016-06-28,470,830
1305,Andhra_Pradesh,Kurnool,Pattikonda,Onion,Local,2016-06-29,2000,2000
1007,Andhra_Pradesh,Kurnool,Kurnool,Onion,Local,2016-06-29,630,740
665,Andhra_Pradesh,Kurnool,Alur,Onion,Beelary-Red,2016-06-30,600,1000
1008,Andhra_Pradesh,Kurnool,Kurnool,Onion,Local,2016-06-30,550,1040
1306,Andhra_Pradesh,Kurnool,Pattikonda,Onion,Local,2016-06-30,2000,2000
840,Andhra_Pradesh,Kurnool,Kurnool,Onion,Local,2016-07-01,700,1380
1181,Andhra_Pradesh,Kurnool,Pattikonda,Onion,Local,2016-07-01,2600,2800
508,Andhra_Pradesh,Kurnool,Alur,Onion,Beelary-Red,2016-07-01,1300,2500
869,Andhra_Pradesh,Kurnool,Kurnool,Onion,Local,2016-07-02,440,850
539,Andhra_Pradesh,Kurnool,Alur,Onion,Beelary-Red,2016-07-02,1400,2200
898,Andhra_Pradesh,Kurnool,Kurnool,Onion,Local,2016-07-03,440,740
568,Andhra_Pradesh,Kurnool,Alur,Onion,Beelary-Red,2016-07-03,800,1200
599,Andhra_Pradesh,Kurnool,Alur,Onion,Beelary-Red,2016-07-04,800,1200
926,Andhra_Pradesh,Kurnool,Kurnool,Onion,Local,2016-07-04,400,730
617,Andhra_Pradesh,Kurnool,Alur,Onion,Beelary-Red,2016-07-05,1000,1900
955,Andhra_Pradesh,Kurnool,Kurnool,Onion,Local,2016-07-05,350,760
1265,Andhra_Pradesh,Kurnool,Pattikonda,Onion,Local,2016-07-05,2400,2500
985,Andhra_Pradesh,Kurnool,Kurnool,Onion,Local,2016-07-06,370,800
1286,Andhra_Pradesh,Kurnool,Pattikonda,Onion,Local,2016-07-06,1600,1800
647,Andhra_Pradesh,Kurnool,Alur,Onion,Beelary-Red,2016-07-06,900,1500
1015,Andhra_Pradesh,Kurnool,Kurnool,Onion,Local,2016-07-07,610,690
672,Andhra_Pradesh,Kurnool,Alur,Onion,Beelary-Red,2016-07-07,600,800
1311,Andhra_Pradesh,Kurnool,Pattikonda,Onion,Local,2016-07-07,2000,2000
1337,Andhra_Pradesh,Kurnool,Pattikonda,Onion,Local,2016-07-08,1800,2000
1044,Andhra_Pradesh,Kurnool,Kurnool,Onion,Local,2016-07-08,350,1000
720,Andhra_Pradesh,Kurnool,Alur,Onion,Beelary-Red,2016-07-09,500,700
1066,Andhra_Pradesh,Kurnool,Kurnool,Onion,Local,2016-07-09,300,680
1364,Andhra_Pradesh,Kurnool,Pattikonda,Onion,Local,2016-07-09,1300,1500
1387,Andhra_Pradesh,Kurnool,Pattikonda,Onion,Local,2016-07-10,800,1000
750,Andhra_Pradesh,Kurnool,Alur,Onion,Beelary-Red,2016-07-10,400,600
1411,Andhra_Pradesh,Kurnool,Pattikonda,Onion,Local,2016-07-11,400,500
781,Andhra_Pradesh,Kurnool,Alur,Onion,Beelary-Red,2016-07-11,600,800
1121,Andhra_Pradesh,Kurnool,Kurnool,Onion,Local,2016-07-11,120,830
811,Andhra_Pradesh,Kurnool,Alur,Onion,Beelary-Red,2016-07-12,600,800
1151,Andhra_Pradesh,Kurnool,Kurnool,Onion,Local,2016-07-12,60,720
1021,Andhra_Pradesh,Kurnool,Kurnool,Onion,Local,2016-07-13,740,1210
678,Andhra_Pradesh,Kurnool,Alur,Onion,Beelary-Red,2016-07-13,800,1200
1317,Andhra_Pradesh,Kurnool,Pattikonda,Onion,Local,2016-07-13,2000,2000
1318,Andhra_Pradesh,Kurnool,Pattikonda,Onion,Local,2016-07-14,2000,2000
1022,Andhra_Pradesh,Kurnool,Kurnool,Onion,Local,2016-07-14,960,1190
679,Andhra_Pradesh,Kurnool,Alur,Onion,Beelary-Red,2016-07-14,800,1200
1023,Andhra_Pradesh,Kurnool,Kurnool,Onion,Local,2016-07-15,750,1040
680,Andhra_Pradesh,Kurnool,Alur,Onion,Beelary-Red,2016-07-15,600,1000
1319,Andhra_Pradesh,Kurnool,Pattikonda,Onion,Local,2016-07-15,2000,2000
681,Andhra_Pradesh,Kurnool,Alur,Onion,Beelary-Red,2016-07-16,600,1000
1320,Andhra_Pradesh,Kurnool,Pattikonda,Onion,Local,2016-07-16,2000,2000
1024,Andhra_Pradesh,Kurnool,Kurnool,Onion,Local,2016-07-16,940,1210
682,Andhra_Pradesh,Kurnool,Alur,Onion,Beelary-Red,2016-07-17,850,1050
1321,Andhra_Pradesh,Kurnool,Pattikonda,Onion,Local,2016-07-17,1800,2000
1025,Andhra_Pradesh,Kurnool,Kurnool,Onion,Local,2016-07-17,940,1210
683,Andhra_Pradesh,Kurnool,Alur,Onion,Beelary-Red,2016-07-18,700,900
1322,Andhra_Pradesh,Kurnool,Pattikonda,Onion,Local,2016-07-18,1800,2000
1026,Andhra_Pradesh,Kurnool,Kurnool,Onion,Local,2016-07-18,650,960
1323,Andhra_Pradesh,Kurnool,Pattikonda,Onion,Local,2016-07-19,2000,2500
684,Andhra_Pradesh,Kurnool,Alur,Onion,Beelary-Red,2016-07-19,700,900
1027,Andhra_Pradesh,Kurnool,Kurnool,Onion,Local,2016-07-19,610,1110
1028,Andhra_Pradesh,Kurnool,Kurnool,Onion,Local,2016-07-20,630,860
685,Andhra_Pradesh,Kurnool,Alur,Onion,Beelary-Red,2016-07-20,600,800
1029,Andhra_Pradesh,Kurnool,Kurnool,Onion,Local,2016-07-21,420,810
1324,Andhra_Pradesh,Kurnool,Pattikonda,Onion,Local,2016-07-21,1800,2000
686,Andhra_Pradesh,Kurnool,Alur,Onion,Beelary-Red,2016-07-21,600,800
687,Andhra_Pradesh,Kurnool,Alur,Onion,Beelary-Red,2016-07-22,600,800
1325,Andhra_Pradesh,Kurnool,Pattikonda,Onion,Local,2016-07-22,1800,2000
1030,Andhra_Pradesh,Kurnool,Kurnool,Onion,Local,2016-07-23,580,970
1326,Andhra_Pradesh,Kurnool,Pattikonda,Onion,Local,2016-07-23,1700,2000
688,Andhra_Pradesh,Kurnool,Alur,Onion,Beelary-Red,2016-07-23,700,900
1327,Andhra_Pradesh,Kurnool,Pattikonda,Onion,Local,2016-07-24,1800,2000
1031,Andhra_Pradesh,Kurnool,Kurnool,Onion,Local,2016-07-24,580,970
689,Andhra_Pradesh,Kurnool,Alur,Onion,Beelary-Red,2016-07-24,800,1000
1032,Andhra_Pradesh,Kurnool,Kurnool,Onion,Local,2016-07-25,670,1050
690,Andhra_Pradesh,Kurnool,Alur,Onion,Beelary-Red,2016-07-25,800,1000
1328,Andhra_Pradesh,Kurnool,Pattikonda,Onion,Local,2016-07-25,1800,2000
691,Andhra_Pradesh,Kurnool,Alur,Onion,Beelary-Red,2016-07-26,800,1000
1329,Andhra_Pradesh,Kurnool,Pattikonda,Onion,Local,2016-07-26,2000,2000
1033,Andhra_Pradesh,Kurnool,Kurnool,Onion,Local,2016-07-26,630,1060
1330,Andhra_Pradesh,Kurnool,Pattikonda,Onion,Local,2016-07-27,1800,2000
692,Andhra_Pradesh,Kurnool,Alur,Onion,Beelary-Red,2016-07-27,500,900
1034,Andhra_Pradesh,Kurnool,Kurnool,Onion,Local,2016-07-27,550,920
693,Andhra_Pradesh,Kurnool,Alur,Onion,Beelary-Red,2016-07-28,500,900
1035,Andhra_Pradesh,Kurnool,Kurnool,Onion,Local,2016-07-28,440,750
1331,Andhra_Pradesh,Kurnool,Pattikonda,Onion,Local,2016-07-28,1700,2000
1332,Andhra_Pradesh,Kurnool,Pattikonda,Onion,Local,2016-07-29,1700,2000
694,Andhra_Pradesh,Kurnool,Alur,Onion,Beelary-Red,2016-07-29,500,900
1036,Andhra_Pradesh,Kurnool,Kurnool,Onion,Local,2016-07-29,440,790
695,Andhra_Pradesh,Kurnool,Alur,Onion,Beelary-Red,2016-07-30,600,800
1037,Andhra_Pradesh,Kurnool,Kurnool,Onion,Local,2016-07-30,440,790
1038,Andhra_Pradesh,Kurnool,Kurnool,Onion,Local,2016-07-31,440,790
696,Andhra_Pradesh,Kurnool,Alur,Onion,Beelary-Red,2016-07-31,600,800
509,Andhra_Pradesh,Kurnool,Alur,Onion,Beelary-Red,2016-08-01,1800,2800
1182,Andhra_Pradesh,Kurnool,Pattikonda,Onion,Local,2016-08-01,3000,3000
841,Andhra_Pradesh,Kurnool,Kurnool,Onion,Local,2016-08-01,500,1380
870,Andhra_Pradesh,Kurnool,Kurnool,Onion,Local,2016-08-02,440,850
540,Andhra_Pradesh,Kurnool,Alur,Onion,Beelary-Red,2016-08-02,1300,2100
899,Andhra_Pradesh,Kurnool,Kurnool,Onion,Local,2016-08-03,380,680
1221,Andhra_Pradesh,Kurnool,Pattikonda,Onion,Local,2016-08-03,1400,1500
569,Andhra_Pradesh,Kurnool,Alur,Onion,Beelary-Red,2016-08-03,600,1200
600,Andhra_Pradesh,Kurnool,Alur,Onion,Beelary-Red,2016-08-04,800,1200
927,Andhra_Pradesh,Kurnool,Kurnool,Onion,Local,2016-08-04,400,730
956,Andhra_Pradesh,Kurnool,Kurnool,Onion,Local,2016-08-05,350,760
618,Andhra_Pradesh,Kurnool,Alur,Onion,Beelary-Red,2016-08-05,1000,1900
986,Andhra_Pradesh,Kurnool,Kurnool,Onion,Local,2016-08-06,390,650
648,Andhra_Pradesh,Kurnool,Alur,Onion,Beelary-Red,2016-08-06,900,1500
1287,Andhra_Pradesh,Kurnool,Pattikonda,Onion,Local,2016-08-06,1700,1800
1312,Andhra_Pradesh,Kurnool,Pattikonda,Onion,Local,2016-08-07,2000,2000
673,Andhra_Pradesh,Kurnool,Alur,Onion,Beelary-Red,2016-08-07,800,1000
1016,Andhra_Pradesh,Kurnool,Kurnool,Onion,Local,2016-08-07,380,750
1045,Andhra_Pradesh,Kurnool,Kurnool,Onion,Local,2016-08-08,330,990
1338,Andhra_Pradesh,Kurnool,Pattikonda,Onion,Local,2016-08-08,1700,2000
1365,Andhra_Pradesh,Kurnool,Pattikonda,Onion,Local,2016-08-09,1300,1500
721,Andhra_Pradesh,Kurnool,Alur,Onion,Beelary-Red,2016-08-09,400,600
1067,Andhra_Pradesh,Kurnool,Kurnool,Onion,Local,2016-08-09,310,730
1388,Andhra_Pradesh,Kurnool,Pattikonda,Onion,Local,2016-08-10,800,1000
751,Andhra_Pradesh,Kurnool,Alur,Onion,Beelary-Red,2016-08-10,400,600
1095,Andhra_Pradesh,Kurnool,Kurnool,Onion,Local,2016-08-10,100,750
1412,Andhra_Pradesh,Kurnool,Pattikonda,Onion,Local,2016-08-11,400,500
782,Andhra_Pradesh,Kurnool,Alur,Onion,Beelary-Red,2016-08-11,650,850
1122,Andhra_Pradesh,Kurnool,Kurnool,Onion,Local,2016-08-11,120,830
812,Andhra_Pradesh,Kurnool,Alur,Onion,Beelary-Red,2016-08-12,600,800
1152,Andhra_Pradesh,Kurnool,Kurnool,Onion,Local,2016-08-12,130,750
1343,Andhra_Pradesh,Kurnool,Pattikonda,Onion,Local,2016-08-13,2000,2000
697,Andhra_Pradesh,Kurnool,Alur,Onion,Beelary-Red,2016-08-14,700,1000
1344,Andhra_Pradesh,Kurnool,Pattikonda,Onion,Local,2016-08-15,2000,2000
698,Andhra_Pradesh,Kurnool,Alur,Onion,Beelary-Red,2016-08-15,1000,1400
1345,Andhra_Pradesh,Kurnool,Pattikonda,Onion,Local,2016-08-16,2000,2000
1048,Andhra_Pradesh,Kurnool,Kurnool,Onion,Local,2016-08-17,300,1040
699,Andhra_Pradesh,Kurnool,Alur,Onion,Beelary-Red,2016-08-17,1400,1800
1346,Andhra_Pradesh,Kurnool,Pattikonda,Onion,Local,2016-08-17,1700,2000
1347,Andhra_Pradesh,Kurnool,Pattikonda,Onion,Local,2016-08-18,1800,2000
1049,Andhra_Pradesh,Kurnool,Kurnool,Onion,Local,2016-08-18,320,1050
700,Andhra_Pradesh,Kurnool,Alur,Onion,Beelary-Red,2016-08-18,1800,2000
1050,Andhra_Pradesh,Kurnool,Kurnool,Onion,Local,2016-08-19,340,860
701,Andhra_Pradesh,Kurnool,Alur,Onion,Beelary-Red,2016-08-19,1600,2000
1348,Andhra_Pradesh,Kurnool,Pattikonda,Onion,Local,2016-08-19,1700,2000
1349,Andhra_Pradesh,Kurnool,Pattikonda,Onion,Local,2016-08-20,1600,1800
1051,Andhra_Pradesh,Kurnool,Kurnool,Onion,Local,2016-08-20,320,940
702,Andhra_Pradesh,Kurnool,Alur,Onion,Beelary-Red,2016-08-20,1400,1800
703,Andhra_Pradesh,Kurnool,Alur,Onion,Beelary-Red,2016-08-21,1200,1600
1052,Andhra_Pradesh,Kurnool,Kurnool,Onion,Local,2016-08-22,300,750
704,Andhra_Pradesh,Kurnool,Alur,Onion,Beelary-Red,2016-08-22,1200,1600
705,Andhra_Pradesh,Kurnool,Alur,Onion,Beelary-Red,2016-08-23,1200,1600
1350,Andhra_Pradesh,Kurnool,Pattikonda,Onion,Local,2016-08-23,1000,1000
1053,Andhra_Pradesh,Kurnool,Kurnool,Onion,Local,2016-08-23,290,730
706,Andhra_Pradesh,Kurnool,Alur,Onion,Beelary-Red,2016-08-24,1200,1600
1351,Andhra_Pradesh,Kurnool,Pattikonda,Onion,Local,2016-08-24,1000,1000
1054,Andhra_Pradesh,Kurnool,Kurnool,Onion,Local,2016-08-24,330,730
1352,Andhra_Pradesh,Kurnool,Pattikonda,Onion,Local,2016-08-25,1300,1500
707,Andhra_Pradesh,Kurnool,Alur,Onion,Beelary-Red,2016-08-25,1100,1500
1055,Andhra_Pradesh,Kurnool,Kurnool,Onion,Local,2016-08-25,330,730
708,Andhra_Pradesh,Kurnool,Alur,Onion,Beelary-Red,2016-08-26,1000,1400
1056,Andhra_Pradesh,Kurnool,Kurnool,Onion,Local,2016-08-26,340,670
1353,Andhra_Pradesh,Kurnool,Pattikonda,Onion,Local,2016-08-26,1300,1500
709,Andhra_Pradesh,Kurnool,Alur,Onion,Beelary-Red,2016-08-27,1000,1400
1354,Andhra_Pradesh,Kurnool,Pattikonda,Onion,Local,2016-08-27,1400,1500
1057,Andhra_Pradesh,Kurnool,Kurnool,Onion,Local,2016-08-28,310,710
710,Andhra_Pradesh,Kurnool,Alur,Onion,Beelary-Red,2016-08-28,1000,1400
1355,Andhra_Pradesh,Kurnool,Pattikonda,Onion,Local,2016-08-28,1400,1500
1058,Andhra_Pradesh,Kurnool,Kurnool,Onion,Local,2016-08-29,300,660
711,Andhra_Pradesh,Kurnool,Alur,Onion,Beelary-Red,2016-08-29,1000,1400
1356,Andhra_Pradesh,Kurnool,Pattikonda,Onion,Local,2016-08-29,1400,1500
1059,Andhra_Pradesh,Kurnool,Kurnool,Onion,Local,2016-08-30,300,760
1357,Andhra_Pradesh,Kurnool,Pattikonda,Onion,Local,2016-08-30,1400,1500
712,Andhra_Pradesh,Kurnool,Alur,Onion,Beelary-Red,2016-08-30,1100,1500
713,Andhra_Pradesh,Kurnool,Alur,Onion,Beelary-Red,2016-08-31,700,1100
1358,Andhra_Pradesh,Kurnool,Pattikonda,Onion,Local,2016-08-31,900,1000
842,Andhra_Pradesh,Kurnool,Kurnool,Onion,Local,2016-09-01,500,1380
510,Andhra_Pradesh,Kurnool,Alur,Onion,Beelary-Red,2016-09-01,1800,2600
541,Andhra_Pradesh,Kurnool,Alur,Onion,Beelary-Red,2016-09-02,1600,2000
1200,Andhra_Pradesh,Kurnool,Pattikonda,Onion,Local,2016-09-02,1700,2000
871,Andhra_Pradesh,Kurnool,Kurnool,Onion,Local,2016-09-02,450,930
570,Andhra_Pradesh,Kurnool,Alur,Onion,Beelary-Red,2016-09-03,800,1400
1222,Andhra_Pradesh,Kurnool,Pattikonda,Onion,Local,2016-09-03,1400,1500
1247,Andhra_Pradesh,Kurnool,Pattikonda,Onion,Local,2016-09-04,900,1000
928,Andhra_Pradesh,Kurnool,Kurnool,Onion,Local,2016-09-04,400,730
601,Andhra_Pradesh,Kurnool,Alur,Onion,Beelary-Red,2016-09-04,800,1300
1266,Andhra_Pradesh,Kurnool,Pattikonda,Onion,Local,2016-09-05,2500,2500
957,Andhra_Pradesh,Kurnool,Kurnool,Onion,Local,2016-09-05,340,740
619,Andhra_Pradesh,Kurnool,Alur,Onion,Beelary-Red,2016-09-05,1200,2000
1288,Andhra_Pradesh,Kurnool,Pattikonda,Onion,Local,2016-09-06,1700,2000
649,Andhra_Pradesh,Kurnool,Alur,Onion,Beelary-Red,2016-09-06,900,1500
987,Andhra_Pradesh,Kurnool,Kurnool,Onion,Local,2016-09-06,510,800
1017,Andhra_Pradesh,Kurnool,Kurnool,Onion,Local,2016-09-07,500,770
1313,Andhra_Pradesh,Kurnool,Pattikonda,Onion,Local,2016-09-07,2000,2000
674,Andhra_Pradesh,Kurnool,Alur,Onion,Beelary-Red,2016-09-07,800,1000
1339,Andhra_Pradesh,Kurnool,Pattikonda,Onion,Local,2016-09-08,1700,2000
1046,Andhra_Pradesh,Kurnool,Kurnool,Onion,Local,2016-09-08,250,900
1366,Andhra_Pradesh,Kurnool,Pattikonda,Onion,Local,2016-09-09,800,1200
722,Andhra_Pradesh,Kurnool,Alur,Onion,Beelary-Red,2016-09-09,600,1000
1068,Andhra_Pradesh,Kurnool,Kurnool,Onion,Local,2016-09-09,300,680
752,Andhra_Pradesh,Kurnool,Alur,Onion,Beelary-Red,2016-09-10,400,600
1096,Andhra_Pradesh,Kurnool,Kurnool,Onion,Local,2016-09-10,100,750
1413,Andhra_Pradesh,Kurnool,Pattikonda,Onion,Local,2016-09-11,400,500
783,Andhra_Pradesh,Kurnool,Alur,Onion,Beelary-Red,2016-09-11,650,850
1123,Andhra_Pradesh,Kurnool,Kurnool,Onion,Local,2016-09-11,120,830
1153,Andhra_Pradesh,Kurnool,Kurnool,Onion,Local,2016-09-12,60,860
1436,Andhra_Pradesh,Kurnool,Pattikonda,Onion,Local,2016-09-12,400,600
813,Andhra_Pradesh,Kurnool,Alur,Onion,Beelary-Red,2016-09-12,600,800
1072,Andhra_Pradesh,Kurnool,Kurnool,Onion,Local,2016-09-13,310,690
1367,Andhra_Pradesh,Kurnool,Pattikonda,Onion,Local,2016-09-13,1000,1000
726,Andhra_Pradesh,Kurnool,Alur,Onion,Beelary-Red,2016-09-13,600,800
1368,Andhra_Pradesh,Kurnool,Pattikonda,Onion,Local,2016-09-14,800,1000
1073,Andhra_Pradesh,Kurnool,Kurnool,Onion,Local,2016-09-14,300,650
727,Andhra_Pradesh,Kurnool,Alur,Onion,Beelary-Red,2016-09-14,600,800
1369,Andhra_Pradesh,Kurnool,Pattikonda,Onion,Local,2016-09-15,700,1000
728,Andhra_Pradesh,Kurnool,Alur,Onion,Beelary-Red,2016-09-15,600,600
1074,Andhra_Pradesh,Kurnool,Kurnool,Onion,Local,2016-09-15,310,660
1370,Andhra_Pradesh,Kurnool,Pattikonda,Onion,Local,2016-09-16,800,1000
729,Andhra_Pradesh,Kurnool,Alur,Onion,Beelary-Red,2016-09-16,600,600
1075,Andhra_Pradesh,Kurnool,Kurnool,Onion,Local,2016-09-16,300,680
1076,Andhra_Pradesh,Kurnool,Kurnool,Onion,Local,2016-09-17,310,760
730,Andhra_Pradesh,Kurnool,Alur,Onion,Beelary-Red,2016-09-17,600,600
1371,Andhra_Pradesh,Kurnool,Pattikonda,Onion,Local,2016-09-17,800,1000
731,Andhra_Pradesh,Kurnool,Alur,Onion,Beelary-Red,2016-09-18,600,600
1077,Andhra_Pradesh,Kurnool,Kurnool,Onion,Local,2016-09-18,310,760
1372,Andhra_Pradesh,Kurnool,Pattikonda,Onion,Local,2016-09-18,800,1000
732,Andhra_Pradesh,Kurnool,Alur,Onion,Beelary-Red,2016-09-19,600,600
1373,Andhra_Pradesh,Kurnool,Pattikonda,Onion,Local,2016-09-19,800,1000
1078,Andhra_Pradesh,Kurnool,Kurnool,Onion,Local,2016-09-19,320,670
1079,Andhra_Pradesh,Kurnool,Kurnool,Onion,Local,2016-09-20,310,660
1374,Andhra_Pradesh,Kurnool,Pattikonda,Onion,Local,2016-09-20,700,1000
733,Andhra_Pradesh,Kurnool,Alur,Onion,Beelary-Red,2016-09-20,600,600
1375,Andhra_Pradesh,Kurnool,Pattikonda,Onion,Local,2016-09-21,800,1000
734,Andhra_Pradesh,Kurnool,Alur,Onion,Beelary-Red,2016-09-21,600,600
1080,Andhra_Pradesh,Kurnool,Kurnool,Onion,Local,2016-09-22,320,680
1376,Andhra_Pradesh,Kurnool,Pattikonda,Onion,Local,2016-09-22,800,1000
735,Andhra_Pradesh,Kurnool,Alur,Onion,Beelary-Red,2016-09-22,400,600
736,Andhra_Pradesh,Kurnool,Alur,Onion,Beelary-Red,2016-09-23,400,600
1081,Andhra_Pradesh,Kurnool,Kurnool,Onion,Local,2016-09-23,310,730
1377,Andhra_Pradesh,Kurnool,Pattikonda,Onion,Local,2016-09-23,700,1000
1082,Andhra_Pradesh,Kurnool,Kurnool,Onion,Local,2016-09-24,300,630
737,Andhra_Pradesh,Kurnool,Alur,Onion,Beelary-Red,2016-09-24,400,600
738,Andhra_Pradesh,Kurnool,Alur,Onion,Beelary-Red,2016-09-25,400,600
1083,Andhra_Pradesh,Kurnool,Kurnool,Onion,Local,2016-09-25,300,630
1084,Andhra_Pradesh,Kurnool,Kurnool,Onion,Local,2016-09-26,300,690
1378,Andhra_Pradesh,Kurnool,Pattikonda,Onion,Local,2016-09-26,800,1000
739,Andhra_Pradesh,Kurnool,Alur,Onion,Beelary-Red,2016-09-26,400,600
1085,Andhra_Pradesh,Kurnool,Kurnool,Onion,Local,2016-09-27,310,670
740,Andhra_Pradesh,Kurnool,Alur,Onion,Beelary-Red,2016-09-27,350,600
741,Andhra_Pradesh,Kurnool,Alur,Onion,Beelary-Red,2016-09-28,350,600
1086,Andhra_Pradesh,Kurnool,Kurnool,Onion,Local,2016-09-28,300,560
1379,Andhra_Pradesh,Kurnool,Pattikonda,Onion,Local,2016-09-28,800,1000
742,Andhra_Pradesh,Kurnool,Alur,Onion,Beelary-Red,2016-09-29,400,600
1087,Andhra_Pradesh,Kurnool,Kurnool,Onion,Local,2016-09-29,290,760
1380,Andhra_Pradesh,Kurnool,Pattikonda,Onion,Local,2016-09-29,800,1000
743,Andhra_Pradesh,Kurnool,Alur,Onion,Beelary-Red,2016-09-30,400,600
1088,Andhra_Pradesh,Kurnool,Kurnool,Onion,Local,2016-09-30,290,760
1381,Andhra_Pradesh,Kurnool,Pattikonda,Onion,Local,2016-09-30,800,1000
511,Andhra_Pradesh,Kurnool,Alur,Onion,Beelary-Red,2016-10-01,1700,2700
843,Andhra_Pradesh,Kurnool,Kurnool,Onion,Local,2016-10-01,500,1380
542,Andhra_Pradesh,Kurnool,Alur,Onion,Beelary-Red,2016-10-02,1700,2100
872,Andhra_Pradesh,Kurnool,Kurnool,Onion,Local,2016-10-02,490,810
900,Andhra_Pradesh,Kurnool,Kurnool,Onion,Local,2016-10-03,460,770
1223,Andhra_Pradesh,Kurnool,Pattikonda,Onion,Local,2016-10-03,1400,1500
571,Andhra_Pradesh,Kurnool,Alur,Onion,Beelary-Red,2016-10-03,700,1300
929,Andhra_Pradesh,Kurnool,Kurnool,Onion,Local,2016-10-04,400,730
1248,Andhra_Pradesh,Kurnool,Pattikonda,Onion,Local,2016-10-04,900,1000
602,Andhra_Pradesh,Kurnool,Alur,Onion,Beelary-Red,2016-10-04,800,1400
1267,Andhra_Pradesh,Kurnool,Pattikonda,Onion,Local,2016-10-05,2400,2500
620,Andhra_Pradesh,Kurnool,Alur,Onion,Beelary-Red,2016-10-05,1200,2000
958,Andhra_Pradesh,Kurnool,Kurnool,Onion,Local,2016-10-05,340,790
1289,Andhra_Pradesh,Kurnool,Pattikonda,Onion,Local,2016-10-06,1500,1500
988,Andhra_Pradesh,Kurnool,Kurnool,Onion,Local,2016-10-06,560,800
650,Andhra_Pradesh,Kurnool,Alur,Onion,Beelary-Red,2016-10-06,900,1500
675,Andhra_Pradesh,Kurnool,Alur,Onion,Beelary-Red,2016-10-07,700,900
1314,Andhra_Pradesh,Kurnool,Pattikonda,Onion,Local,2016-10-07,2000,2000
1018,Andhra_Pradesh,Kurnool,Kurnool,Onion,Local,2016-10-07,500,770
1340,Andhra_Pradesh,Kurnool,Pattikonda,Onion,Local,2016-10-08,2000,2000
1069,Andhra_Pradesh,Kurnool,Kurnool,Onion,Local,2016-10-09,320,660
723,Andhra_Pradesh,Kurnool,Alur,Onion,Beelary-Red,2016-10-09,600,800
1097,Andhra_Pradesh,Kurnool,Kurnool,Onion,Local,2016-10-10,100,750
753,Andhra_Pradesh,Kurnool,Alur,Onion,Beelary-Red,2016-10-10,400,600
1414,Andhra_Pradesh,Kurnool,Pattikonda,Onion,Local,2016-10-11,400,500
784,Andhra_Pradesh,Kurnool,Alur,Onion,Beelary-Red,2016-10-11,700,900
1124,Andhra_Pradesh,Kurnool,Kurnool,Onion,Local,2016-10-11,160,1000
814,Andhra_Pradesh,Kurnool,Alur,Onion,Beelary-Red,2016-10-12,700,900
1154,Andhra_Pradesh,Kurnool,Kurnool,Onion,Local,2016-10-12,80,810
756,Andhra_Pradesh,Kurnool,Alur,Onion,Beelary-Red,2016-10-13,400,600
1391,Andhra_Pradesh,Kurnool,Pattikonda,Onion,Local,2016-10-13,700,1000
1100,Andhra_Pradesh,Kurnool,Kurnool,Onion,Local,2016-10-13,100,910
1101,Andhra_Pradesh,Kurnool,Kurnool,Onion,Local,2016-10-14,50,650
757,Andhra_Pradesh,Kurnool,Alur,Onion,Beelary-Red,2016-10-14,400,600
1392,Andhra_Pradesh,Kurnool,Pattikonda,Onion,Local,2016-10-15,800,1000
1102,Andhra_Pradesh,Kurnool,Kurnool,Onion,Local,2016-10-15,50,640
758,Andhra_Pradesh,Kurnool,Alur,Onion,Beelary-Red,2016-10-15,400,600
1393,Andhra_Pradesh,Kurnool,Pattikonda,Onion,Local,2016-10-16,700,1000
1103,Andhra_Pradesh,Kurnool,Kurnool,Onion,Local,2016-10-16,50,640
759,Andhra_Pradesh,Kurnool,Alur,Onion,Beelary-Red,2016-10-16,400,600
760,Andhra_Pradesh,Kurnool,Alur,Onion,Beelary-Red,2016-10-17,400,600
1394,Andhra_Pradesh,Kurnool,Pattikonda,Onion,Local,2016-10-17,800,1000
1104,Andhra_Pradesh,Kurnool,Kurnool,Onion,Local,2016-10-17,100,760
1105,Andhra_Pradesh,Kurnool,Kurnool,Onion,Local,2016-10-18,100,660
1395,Andhra_Pradesh,Kurnool,Pattikonda,Onion,Local,2016-10-18,600,800
761,Andhra_Pradesh,Kurnool,Alur,Onion,Beelary-Red,2016-10-18,400,600
762,Andhra_Pradesh,Kurnool,Alur,Onion,Beelary-Red,2016-10-19,500,600
1396,Andhra_Pradesh,Kurnool,Pattikonda,Onion,Local,2016-10-19,700,1000
1106,Andhra_Pradesh,Kurnool,Kurnool,Onion,Local,2016-10-19,100,690
1397,Andhra_Pradesh,Kurnool,Pattikonda,Onion,Local,2016-10-20,600,800
763,Andhra_Pradesh,Kurnool,Alur,Onion,Beelary-Red,2016-10-20,400,600
1107,Andhra_Pradesh,Kurnool,Kurnool,Onion,Local,2016-10-21,100,800
764,Andhra_Pradesh,Kurnool,Alur,Onion,Beelary-Red,2016-10-21,400,600
1398,Andhra_Pradesh,Kurnool,Pattikonda,Onion,Local,2016-10-21,600,800
1108,Andhra_Pradesh,Kurnool,Kurnool,Onion,Local,2016-10-22,70,860
765,Andhra_Pradesh,Kurnool,Alur,Onion,Beelary-Red,2016-10-22,400,600
1399,Andhra_Pradesh,Kurnool,Pattikonda,Onion,Local,2016-10-23,600,800
1109,Andhra_Pradesh,Kurnool,Kurnool,Onion,Local,2016-10-23,70,860
766,Andhra_Pradesh,Kurnool,Alur,Onion,Beelary-Red,2016-10-23,300,500
1400,Andhra_Pradesh,Kurnool,Pattikonda,Onion,Local,2016-10-24,600,800
767,Andhra_Pradesh,Kurnool,Alur,Onion,Beelary-Red,2016-10-24,300,500
1401,Andhra_Pradesh,Kurnool,Pattikonda,Onion,Local,2016-10-25,600,800
768,Andhra_Pradesh,Kurnool,Alur,Onion,Beelary-Red,2016-10-25,300,500
769,Andhra_Pradesh,Kurnool,Alur,Onion,Beelary-Red,2016-10-26,300,500
1402,Andhra_Pradesh,Kurnool,Pattikonda,Onion,Local,2016-10-26,600,800
1110,Andhra_Pradesh,Kurnool,Kurnool,Onion,Local,2016-10-26,100,550
1111,Andhra_Pradesh,Kurnool,Kurnool,Onion,Local,2016-10-27,50,660
770,Andhra_Pradesh,Kurnool,Alur,Onion,Beelary-Red,2016-10-27,300,500
771,Andhra_Pradesh,Kurnool,Alur,Onion,Beelary-Red,2016-10-28,300,500
1112,Andhra_Pradesh,Kurnool,Kurnool,Onion,Local,2016-10-28,50,500
1113,Andhra_Pradesh,Kurnool,Kurnool,Onion,Local,2016-10-29,50,540
772,Andhra_Pradesh,Kurnool,Alur,Onion,Beelary-Red,2016-10-29,300,500
1114,Andhra_Pradesh,Kurnool,Kurnool,Onion,Local,2016-10-30,50,540
773,Andhra_Pradesh,Kurnool,Alur,Onion,Beelary-Red,2016-10-30,400,600
1403,Andhra_Pradesh,Kurnool,Pattikonda,Onion,Local,2016-10-30,600,800
774,Andhra_Pradesh,Kurnool,Alur,Onion,Beelary-Red,2016-10-31,400,600
1404,Andhra_Pradesh,Kurnool,Pattikonda,Onion,Local,2016-10-31,600,800
1183,Andhra_Pradesh,Kurnool,Pattikonda,Onion,Local,2016-11-01,3000,3000
512,Andhra_Pradesh,Kurnool,Alur,Onion,Beelary-Red,2016-11-01,2000,3000
543,Andhra_Pradesh,Kurnool,Alur,Onion,Beelary-Red,2016-11-02,1600,2000
873,Andhra_Pradesh,Kurnool,Kurnool,Onion,Local,2016-11-02,300,740
572,Andhra_Pradesh,Kurnool,Alur,Onion,Beelary-Red,2016-11-03,700,1300
901,Andhra_Pradesh,Kurnool,Kurnool,Onion,Local,2016-11-03,420,700
1224,Andhra_Pradesh,Kurnool,Pattikonda,Onion,Local,2016-11-03,1400,1500
603,Andhra_Pradesh,Kurnool,Alur,Onion,Beelary-Red,2016-11-04,900,1500
930,Andhra_Pradesh,Kurnool,Kurnool,Onion,Local,2016-11-04,480,850
1249,Andhra_Pradesh,Kurnool,Pattikonda,Onion,Local,2016-11-04,900,1000
621,Andhra_Pradesh,Kurnool,Alur,Onion,Beelary-Red,2016-11-05,700,1300
959,Andhra_Pradesh,Kurnool,Kurnool,Onion,Local,2016-11-05,300,770
651,Andhra_Pradesh,Kurnool,Alur,Onion,Beelary-Red,2016-11-06,800,1200
989,Andhra_Pradesh,Kurnool,Kurnool,Onion,Local,2016-11-06,560,860
676,Andhra_Pradesh,Kurnool,Alur,Onion,Beelary-Red,2016-11-07,600,1000
1019,Andhra_Pradesh,Kurnool,Kurnool,Onion,Local,2016-11-07,460,1000
1315,Andhra_Pradesh,Kurnool,Pattikonda,Onion,Local,2016-11-07,2000,2000
1047,Andhra_Pradesh,Kurnool,Kurnool,Onion,Local,2016-11-08,300,1040
1341,Andhra_Pradesh,Kurnool,Pattikonda,Onion,Local,2016-11-08,1700,2000
1070,Andhra_Pradesh,Kurnool,Kurnool,Onion,Local,2016-11-09,320,660
724,Andhra_Pradesh,Kurnool,Alur,Onion,Beelary-Red,2016-11-09,600,800
754,Andhra_Pradesh,Kurnool,Alur,Onion,Beelary-Red,2016-11-10,400,600
1098,Andhra_Pradesh,Kurnool,Kurnool,Onion,Local,2016-11-10,100,750
1389,Andhra_Pradesh,Kurnool,Pattikonda,Onion,Local,2016-11-10,700,1000
1415,Andhra_Pradesh,Kurnool,Pattikonda,Onion,Local,2016-11-11,400,500
785,Andhra_Pradesh,Kurnool,Alur,Onion,Beelary-Red,2016-11-11,700,900
1125,Andhra_Pradesh,Kurnool,Kurnool,Onion,Local,2016-11-11,160,1000
815,Andhra_Pradesh,Kurnool,Alur,Onion,Beelary-Red,2016-11-12,700,900
1127,Andhra_Pradesh,Kurnool,Kurnool,Onion,Local,2016-11-13,160,1080
1417,Andhra_Pradesh,Kurnool,Pattikonda,Onion,Local,2016-11-13,400,500
787,Andhra_Pradesh,Kurnool,Alur,Onion,Beelary-Red,2016-11-13,800,1000
1418,Andhra_Pradesh,Kurnool,Pattikonda,Onion,Local,2016-11-14,400,500
1128,Andhra_Pradesh,Kurnool,Kurnool,Onion,Local,2016-11-14,160,1080
788,Andhra_Pradesh,Kurnool,Alur,Onion,Beelary-Red,2016-11-14,800,1000
1419,Andhra_Pradesh,Kurnool,Pattikonda,Onion,Local,2016-11-15,400,500
789,Andhra_Pradesh,Kurnool,Alur,Onion,Beelary-Red,2016-11-15,800,1000
1129,Andhra_Pradesh,Kurnool,Kurnool,Onion,Local,2016-11-15,160,1080
1420,Andhra_Pradesh,Kurnool,Pattikonda,Onion,Local,2016-11-16,400,500
790,Andhra_Pradesh,Kurnool,Alur,Onion,Beelary-Red,2016-11-16,800,1000
1130,Andhra_Pradesh,Kurnool,Kurnool,Onion,Local,2016-11-16,160,1080
1421,Andhra_Pradesh,Kurnool,Pattikonda,Onion,Local,2016-11-17,500,700
791,Andhra_Pradesh,Kurnool,Alur,Onion,Beelary-Red,2016-11-17,800,1000
1131,Andhra_Pradesh,Kurnool,Kurnool,Onion,Local,2016-11-17,160,1080
1132,Andhra_Pradesh,Kurnool,Kurnool,Onion,Local,2016-11-18,160,780
792,Andhra_Pradesh,Kurnool,Alur,Onion,Beelary-Red,2016-11-18,800,1000
1422,Andhra_Pradesh,Kurnool,Pattikonda,Onion,Local,2016-11-18,600,800
1423,Andhra_Pradesh,Kurnool,Pattikonda,Onion,Local,2016-11-19,600,800
793,Andhra_Pradesh,Kurnool,Alur,Onion,Beelary-Red,2016-11-19,800,1000
1133,Andhra_Pradesh,Kurnool,Kurnool,Onion,Local,2016-11-19,230,920
1134,Andhra_Pradesh,Kurnool,Kurnool,Onion,Local,2016-11-20,240,790
794,Andhra_Pradesh,Kurnool,Alur,Onion,Beelary-Red,2016-11-20,800,1000
1424,Andhra_Pradesh,Kurnool,Pattikonda,Onion,Local,2016-11-20,700,800
1135,Andhra_Pradesh,Kurnool,Kurnool,Onion,Local,2016-11-21,240,790
795,Andhra_Pradesh,Kurnool,Alur,Onion,Beelary-Red,2016-11-21,800,1000
1425,Andhra_Pradesh,Kurnool,Pattikonda,Onion,Local,2016-11-21,700,800
1136,Andhra_Pradesh,Kurnool,Kurnool,Onion,Local,2016-11-22,230,920
796,Andhra_Pradesh,Kurnool,Alur,Onion,Beelary-Red,2016-11-22,800,1000
1426,Andhra_Pradesh,Kurnool,Pattikonda,Onion,Local,2016-11-22,700,800
1427,Andhra_Pradesh,Kurnool,Pattikonda,Onion,Local,2016-11-23,700,800
1137,Andhra_Pradesh,Kurnool,Kurnool,Onion,Local,2016-11-23,100,850
797,Andhra_Pradesh,Kurnool,Alur,Onion,Beelary-Red,2016-11-23,800,1000
798,Andhra_Pradesh,Kurnool,Alur,Onion,Beelary-Red,2016-11-24,800,1000
1138,Andhra_Pradesh,Kurnool,Kurnool,Onion,Local,2016-11-24,50,760
799,Andhra_Pradesh,Kurnool,Alur,Onion,Beelary-Red,2016-11-25,800,1000
1428,Andhra_Pradesh,Kurnool,Pattikonda,Onion,Local,2016-11-25,600,800
1139,Andhra_Pradesh,Kurnool,Kurnool,Onion,Local,2016-11-25,50,740
1140,Andhra_Pradesh,Kurnool,Kurnool,Onion,Local,2016-11-26,50,810
1429,Andhra_Pradesh,Kurnool,Pattikonda,Onion,Local,2016-11-26,600,800
800,Andhra_Pradesh,Kurnool,Alur,Onion,Beelary-Red,2016-11-26,750,950
1430,Andhra_Pradesh,Kurnool,Pattikonda,Onion,Local,2016-11-27,700,800
1141,Andhra_Pradesh,Kurnool,Kurnool,Onion,Local,2016-11-27,50,810
801,Andhra_Pradesh,Kurnool,Alur,Onion,Beelary-Red,2016-11-27,700,900
802,Andhra_Pradesh,Kurnool,Alur,Onion,Beelary-Red,2016-11-28,700,900
1142,Andhra_Pradesh,Kurnool,Kurnool,Onion,Local,2016-11-28,50,730
1431,Andhra_Pradesh,Kurnool,Pattikonda,Onion,Local,2016-11-28,700,800
1143,Andhra_Pradesh,Kurnool,Kurnool,Onion,Local,2016-11-29,50,600
803,Andhra_Pradesh,Kurnool,Alur,Onion,Beelary-Red,2016-11-29,700,900
1144,Andhra_Pradesh,Kurnool,Kurnool,Onion,Local,2016-11-30,50,570
804,Andhra_Pradesh,Kurnool,Alur,Onion,Beelary-Red,2016-11-30,700,900
513,Andhra_Pradesh,Kurnool,Alur,Onion,Beelary-Red,2016-12-01,1000,2000
1184,Andhra_Pradesh,Kurnool,Pattikonda,Onion,Local,2016-12-01,2000,2000
844,Andhra_Pradesh,Kurnool,Kurnool,Onion,Local,2016-12-01,560,1340
874,Andhra_Pradesh,Kurnool,Kurnool,Onion,Local,2016-12-02,310,750
544,Andhra_Pradesh,Kurnool,Alur,Onion,Beelary-Red,2016-12-02,1600,2000
902,Andhra_Pradesh,Kurnool,Kurnool,Onion,Local,2016-12-03,400,620
1225,Andhra_Pradesh,Kurnool,Pattikonda,Onion,Local,2016-12-03,1400,1500
573,Andhra_Pradesh,Kurnool,Alur,Onion,Beelary-Red,2016-12-03,800,1200
1250,Andhra_Pradesh,Kurnool,Pattikonda,Onion,Local,2016-12-04,800,1000
931,Andhra_Pradesh,Kurnool,Kurnool,Onion,Local,2016-12-04,420,760
604,Andhra_Pradesh,Kurnool,Alur,Onion,Beelary-Red,2016-12-04,600,1200
960,Andhra_Pradesh,Kurnool,Kurnool,Onion,Local,2016-12-05,360,710
1268,Andhra_Pradesh,Kurnool,Pattikonda,Onion,Local,2016-12-05,2000,2000
622,Andhra_Pradesh,Kurnool,Alur,Onion,Beelary-Red,2016-12-05,900,1500
990,Andhra_Pradesh,Kurnool,Kurnool,Onion,Local,2016-12-06,560,860
652,Andhra_Pradesh,Kurnool,Alur,Onion,Beelary-Red,2016-12-06,700,1100
1290,Andhra_Pradesh,Kurnool,Pattikonda,Onion,Local,2016-12-06,1400,1500
1316,Andhra_Pradesh,Kurnool,Pattikonda,Onion,Local,2016-12-07,2000,2000
677,Andhra_Pradesh,Kurnool,Alur,Onion,Beelary-Red,2016-12-07,700,1100
1020,Andhra_Pradesh,Kurnool,Kurnool,Onion,Local,2016-12-07,460,1240
1342,Andhra_Pradesh,Kurnool,Pattikonda,Onion,Local,2016-12-08,2000,2000
1071,Andhra_Pradesh,Kurnool,Kurnool,Onion,Local,2016-12-09,310,690
725,Andhra_Pradesh,Kurnool,Alur,Onion,Beelary-Red,2016-12-09,600,800
755,Andhra_Pradesh,Kurnool,Alur,Onion,Beelary-Red,2016-12-10,400,600
1390,Andhra_Pradesh,Kurnool,Pattikonda,Onion,Local,2016-12-10,700,800
1099,Andhra_Pradesh,Kurnool,Kurnool,Onion,Local,2016-12-10,100,750
1416,Andhra_Pradesh,Kurnool,Pattikonda,Onion,Local,2016-12-11,400,500
786,Andhra_Pradesh,Kurnool,Alur,Onion,Beelary-Red,2016-12-11,700,900
1126,Andhra_Pradesh,Kurnool,Kurnool,Onion,Local,2016-12-11,160,1080
816,Andhra_Pradesh,Kurnool,Alur,Onion,Beelary-Red,2016-12-12,700,900
1155,Andhra_Pradesh,Kurnool,Kurnool,Onion,Local,2016-12-13,100,880
1437,Andhra_Pradesh,Kurnool,Pattikonda,Onion,Local,2016-12-13,400,600
817,Andhra_Pradesh,Kurnool,Alur,Onion,Beelary-Red,2016-12-13,700,900
818,Andhra_Pradesh,Kurnool,Alur,Onion,Beelary-Red,2016-12-14,750,950
1156,Andhra_Pradesh,Kurnool,Kurnool,Onion,Local,2016-12-14,50,740
819,Andhra_Pradesh,Kurnool,Alur,Onion,Beelary-Red,2016-12-15,750,950
1157,Andhra_Pradesh,Kurnool,Kurnool,Onion,Local,2016-12-15,100,800
1438,Andhra_Pradesh,Kurnool,Pattikonda,Onion,Local,2016-12-15,600,800
1158,Andhra_Pradesh,Kurnool,Kurnool,Onion,Local,2016-12-16,50,830
1439,Andhra_Pradesh,Kurnool,Pattikonda,Onion,Local,2016-12-16,500,600
820,Andhra_Pradesh,Kurnool,Alur,Onion,Beelary-Red,2016-12-16,750,950
1159,Andhra_Pradesh,Kurnool,Kurnool,Onion,Local,2016-12-17,70,790
821,Andhra_Pradesh,Kurnool,Alur,Onion,Beelary-Red,2016-12-17,750,950
1440,Andhra_Pradesh,Kurnool,Pattikonda,Onion,Local,2016-12-17,600,800
1441,Andhra_Pradesh,Kurnool,Pattikonda,Onion,Local,2016-12-18,600,800
1160,Andhra_Pradesh,Kurnool,Kurnool,Onion,Local,2016-12-18,70,790
822,Andhra_Pradesh,Kurnool,Alur,Onion,Beelary-Red,2016-12-18,600,800
1442,Andhra_Pradesh,Kurnool,Pattikonda,Onion,Local,2016-12-19,600,800
1161,Andhra_Pradesh,Kurnool,Kurnool,Onion,Local,2016-12-19,130,840
823,Andhra_Pradesh,Kurnool,Alur,Onion,Beelary-Red,2016-12-19,600,800
1443,Andhra_Pradesh,Kurnool,Pattikonda,Onion,Local,2016-12-20,600,800
824,Andhra_Pradesh,Kurnool,Alur,Onion,Beelary-Red,2016-12-20,500,800
1162,Andhra_Pradesh,Kurnool,Kurnool,Onion,Local,2016-12-20,220,850
1444,Andhra_Pradesh,Kurnool,Pattikonda,Onion,Local,2016-12-21,400,600
1163,Andhra_Pradesh,Kurnool,Kurnool,Onion,Local,2016-12-21,120,780
825,Andhra_Pradesh,Kurnool,Alur,Onion,Beelary-Red,2016-12-21,600,800
1445,Andhra_Pradesh,Kurnool,Pattikonda,Onion,Local,2016-12-22,500,700
826,Andhra_Pradesh,Kurnool,Alur,Onion,Beelary-Red,2016-12-22,600,800
1164,Andhra_Pradesh,Kurnool,Kurnool,Onion,Local,2016-12-22,300,840
1446,Andhra_Pradesh,Kurnool,Pattikonda,Onion,Local,2016-12-23,1500,1800
1165,Andhra_Pradesh,Kurnool,Kurnool,Onion,Local,2016-12-23,150,810
827,Andhra_Pradesh,Kurnool,Alur,Onion,Beelary-Red,2016-12-23,600,800
828,Andhra_Pradesh,Kurnool,Alur,Onion,Beelary-Red,2016-12-24,620,820
1447,Andhra_Pradesh,Kurnool,Pattikonda,Onion,Local,2016-12-24,500,700
1166,Andhra_Pradesh,Kurnool,Kurnool,Onion,Local,2016-12-24,200,930
1167,Andhra_Pradesh,Kurnool,Kurnool,Onion,Local,2016-12-25,200,930
1448,Andhra_Pradesh,Kurnool,Pattikonda,Onion,Local,2016-12-25,400,600
829,Andhra_Pradesh,Kurnool,Alur,Onion,Beelary-Red,2016-12-25,620,820
830,Andhra_Pradesh,Kurnool,Alur,Onion,Beelary-Red,2016-12-26,620,820
1168,Andhra_Pradesh,Kurnool,Kurnool,Onion,Local,2016-12-26,220,870
1449,Andhra_Pradesh,Kurnool,Pattikonda,Onion,Local,2016-12-26,400,600
831,Andhra_Pradesh,Kurnool,Alur,Onion,Beelary-Red,2016-12-27,600,840
1450,Andhra_Pradesh,Kurnool,Pattikonda,Onion,Local,2016-12-27,1000,1500
1169,Andhra_Pradesh,Kurnool,Kurnool,Onion,Local,2016-12-27,190,810
1451,Andhra_Pradesh,Kurnool,Pattikonda,Onion,Local,2016-12-28,1000,1500
832,Andhra_Pradesh,Kurnool,Alur,Onion,Beelary-Red,2016-12-28,660,820
1170,Andhra_Pradesh,Kurnool,Kurnool,Onion,Local,2016-12-28,100,700
1452,Andhra_Pradesh,Kurnool,Pattikonda,Onion,Local,2016-12-29,1000,1400
1171,Andhra_Pradesh,Kurnool,Kurnool,Onion,Local,2016-12-29,100,700
833,Andhra_Pradesh,Kurnool,Alur,Onion,Beelary-Red,2016-12-29,650,850
1172,Andhra_Pradesh,Kurnool,Kurnool,Onion,Local,2016-12-30,70,710
1173,Andhra_Pradesh,Kurnool,Kurnool,Onion,Local,2016-12-31,100,520
1453,Andhra_Pradesh,Kurnool,Pattikonda,Onion,Local,2016-12-31,1500,1800
